Key,File,Type,UsedInMainMenu,NoTranslate,KeepLoaded,english,Context / Alternate Text,german,spanish,french,italian,japanese,koreana,polish,brazilian,russian,turkish,schinese,tchinese

deco_wilderness_pineforestlogging_01,POI,POIName,,x,x,White Pines Camp,,,,,,,,,,,,,
deco_wilderness_pineforestlogging_02,POI,POIName,,x,x,Oakraven Logging Camp,,,,,,,,,,,,,
deco_wilderness_pineforestlogging_03,POI,POIName,,x,x,Frontier Camp,,,,,,,,,,,,,
deco_wilderness_pineforestlogging_04,POI,POIName,,x,x,Pine Needles Camp,,,,,,,,,,,,,
deco_wildwest_desertoasis_01,POI,POIName,,x,x,Desert Spring,,,,,,,,,,,,,
deco_wildwest_desertoasis_02,POI,POIName,,x,x,Desert Gulp,,,,,,,,,,,,,
deco_wildwest_desertsmallcamp_01,POI,POIName,,x,x,Desert Settler Camp,,,,,,,,,,,,,
deco_wildwest_desertsmallcamp_02,POI,POIName,,x,x,Desert Last Stand,,,,,,,,,,,,,
deco_wildwest_forestsmallcamp_01,POI,POIName,,x,x,Settler Canopy,,,,,,,,,,,,,
deco_wildwest_forestsmallcamp_02,POI,POIName,,x,x,Homestead Foundations,,,,,,,,,,,,,
deco_wildwest_prospector_dig_01_TMB,POI,POIName,,x,x,Prospector's Digging Site,,,,,,,,,,,,,
deco_wildwest_prospector_dig_02_TMB,POI,POIName,,x,x,Prospector's Haul,,,,,,,,,,,,,
deco_wildwest_remnant_oldwest_03,POI,POIName,,x,x,Settler Sam,,,,,,,,,,,,,
deco_wildwest_smokeriser3000,POI,POIName,,x,x,X,,,,,,,,,,,,,
deco_wildwest_totem_01,POI,POIName,,x,x,Totem,,,,,,,,,,,,,
part_horde_large,POI,POIName,,x,x,X,,,,,,,,,,,,,
part_horde_small,POI,POIName,,x,x,X,,,,,,,,,,,,,
part_loot_t1,POI,POIName,,x,x,X,,,,,,,,,,,,,
rwg_tile_gateway_cap,POI,POIName,,x,x,X,,,,,,,,,,,,,
rwg_tile_oldwest_corner,POI,POIName,,x,x,X,,,,,,,,,,,,,
rwg_tile_oldwest_intersection,POI,POIName,,x,x,X,,,,,,,,,,,,,
rwg_tile_oldwest_straight,POI,POIName,,x,x,X,,,,,,,,,,,,,
rwg_tile_oldwest_straight_02,POI,POIName,,x,x,X,,,,,,,,,,,,,
rwg_tile_oldwest_t,POI,POIName,,x,x,X,,,,,,,,,,,,,
trader_JenWW_arramus,POI,POIName,,x,x,Trader Jen,,,,,,,,,,,,,
trader_bobWW,POI,POIName,,x,x,Trader Bob,,,,,,,,,,,,,
trader_hugh,POI,POIName,,x,x,Trader Hugh,,,,,,,,,,,,,
trader_joel,POI,POIName,,x,x,Trader Joel,,,,,,,,,,,,,
trader_rekt_ww_Medusa,POI,POIName,,x,x,Trader Rekt,,,,,,,,,,,,,
trader_travelling_tmb,POI,POIName,,x,x,Travelling Trader Rekt,,,,,,,,,,,,,
wildwest_25x50_corn_01_arramus,POI,POIName,,x,x,Mr T's Super Special Catacorn,,,,,,,,,,,,,
wildwest_A19_skyscraper_02,POI,POIName,,x,x,Wild West Crack-a-Book HQ,,,,,,,,,,,,,
wildwest_AssayLandOffice_Chaz916Gaming,POI,POIName,,x,x,Assay Land Office,,,,,,,,,,,,,
wildwest_Band_Stand_Zeebark,POI,POIName,,x,x,Band Stand,,,,,,,,,,,,,
wildwest_BankFireDeptLeesGoods_Chaz916Gaming,POI,POIName,,x,x,Fire Dept and Lee's Goods,,,,,,,,,,,,,
wildwest_BestEatsBarberShop_Chaz916Gaming,POI,POIName,,x,x,Best Eats and Barber Shop,,,,,,,,,,,,,
wildwest_Blacksmith(by_Zeebark),POI,POIName,,x,x,Blacksmiths,,,,,,,,,,,,,
wildwest_BlainWoodMetal_Chaz916Gaming,POI,POIName,,x,x,Blain Wood & Metal,,,,,,,,,,,,,
wildwest_Boat_Scrap_tug_TMB,POI,POIName,,x,x,Scrap Tug,,,,,,,,,,,,,
wildwest_Boat_Scrap_tug_sub_TMB,POI,POIName,,x,x,Submerged Scrap Tug,,,,,,,,,,,,,
wildwest_Clothier_Chaz916Gaming,POI,POIName,,x,x,Clothier,,,,,,,,,,,,,
wildwest_Courthouse_Medusa,POI,POIName,,x,x,Courthouse,,,,,,,,,,,,,
wildwest_CowboysRest_Medusa,POI,POIName,,x,x,Cowboys' Rest,,,,,,,,,,,,,
wildwest_Cran5000SaloonTrio,POI,POIName,,x,x,Five-K Saloon Strip,,,,,,,,,,,,,
wildwest_crooked_house_Medusa,POI,POIName,,x,x,Crooked House,,,,,,,,,,,,,
wildwest_DeasCoffeeBreadTea01,POI,POIName,,x,x,Dea's Coffee Bread 'n' Teas,,,,,,,,,,,,,
wildwest_FortWest_Chaz916Gaming,POI,POIName,,x,x,Crooked Arrow Fort,,,,,,,,,,,,,
wildwest_GunshopBakery_Chaz916Gaming,POI,POIName,,x,x,Gunshop and Bakery,,,,,,,,,,,,,
wildwest_HotelBathhouseJoesMining_Chaz916Gaming,POI,POIName,,x,x,Bathhouse and Joe's Mining,,,,,,,,,,,,,
wildwest_HotelCardSaloon_Chaz916Gaming,POI,POIName,,x,x,Hotel and Card Saloon,,,,,,,,,,,,,
wildwest_Hotel_Skank(By_Zeebark),POI,POIName,,x,x,Hotel Skank,,,,,,,,,,,,,
wildwest_Kerosene_And_Tar_Medusa,POI,POIName,,x,x,Kerosene and Tar Refinery,,,,,,,,,,,,,
wildwest_LastChanceTradingPost_Chaz916Gaming,POI,POIName,,x,x,Last Chance Trading Post,,,,,,,,,,,,,
wildwest_LiveryStable_Chaz916Gaming,POI,POIName,,x,x,Livery Stable,,,,,,,,,,,,,
wildwest_MambaHomestead_Medusa,POI,POIName,,x,x,Mamba Homestead,,,,,,,,,,,,,
wildwest_medusa_spawn_TMB,POI,POIName,,x,x,Chuckwagon Pit,,,,,,,,,,,,,
wildwest_MeatsFeednSeed_Chaz916Gaming,POI,POIName,,x,x,Meats Feeds n Seeds,,,,,,,,,,,,,
wildwest_ProudMary_Medusa,POI,POIName,,x,x,Proud Mary,,,,,,,,,,,,,
wildwest_rockformation_01_TMB,POI,POIName,,x,x,Rock Formation,,,,,,,,,,,,,
wildwest_rockformation_02_TMB,POI,POIName,,x,x,Rock Formation,,,,,,,,,,,,,
wildwest_Schoolhouse_Chaz916Gaming,POI,POIName,,x,x,School House,,,,,,,,,,,,,
wildwest_Shooting_Range_Zeebark,POI,POIName,,x,x,Shooting Range,,,,,,,,,,,,,
wildwest_SnakeBite_Saloon_Medusa,POI,POIName,,x,x,Snakebite Saloon,,,,,,,,,,,,,
wildwest_StageUndiesGrave_Chaz916Gaming,POI,POIName,,x,x,Undertaker Staging Post,,,,,,,,,,,,,
wildwest_Stagecoach_Medusa,POI,POIName,,x,x,Stage Coach Company,,,,,,,,,,,,,
wildwest_TMB_Bandit_Loot,POI,POIName,,x,x,Bandit Cave,,,,,,,,,,,,,
wildwest_TheaterPOJail_Chaz619Gaming,POI,POIName,,x,x,Jailhouse Rock,,,,,,,,,,,,,
wildwest_TownHallWestsideHotel_Chaz916Gaming,POI,POIName,,x,x,Town Hall and Westside Hotel,,,,,,,,,,,,,
wildwest_unknownactivity_TMB,POI,POIName,,x,x,Shakey Foundations
wildwest_WW_Ranch_Stallionsden,POI,POIName,,x,x,Stallion's Ranch,,,,,,,,,,,,,
wildwest_Wilderness_shack_02_TMB,POI,POIName,,x,x,Worker Shack,,,,,,,,,,,,,
wildwest_Wilderness_shack_03_TMB,POI,POIName,,x,x,Destroyed Shack,,,,,,,,,,,,,
wildwest_adobe_01_arramus,POI,POIName,,x,x,Adobe Community,,,,,,,,,,,,,
wildwest_apothecary_Medusa,POI,POIName,,x,x,Apothecary Lotions n Potions,,,,,,,,,,,,,
wildwest_apper_01_arramus,POI,POIName,,x,x,Stinky Strip,,,,,,,,,,,,,
wildwest_bandit_settlement_arramus,POI,POIName,,x,x,Bandit Settlement,,,,,,,,,,,,,
wildwest_bank_01_arramus,POI,POIName,,x,x,Liberty Bank,,,,,,,,,,,,,
wildwest_Barbershop_Medusa,POI,POIName,,x,x,Butts 'n' Cuts,,,,,,,,,,,,,
wildwest_blacksmith_01_arramus,POI,POIName,,x,x,Cabin Blacksmith,,,,,,,,,,,,,
wildwest_bony_xpress_01_arramus,POI,POIName,,x,x,Bony Xpress,,,,,,,,,,,,,
wildwest_bosscave90_01,POI,POIName,,x,x,Crater Boss Cave,,,,,,,,,,,,,
wildwest_bosscave90_02,POI,POIName,,x,x,Boss Cave,,,,,,,,,,,,,
wildwest_bricabrac_01_arramus,POI,POIName,,x,x,Bricabrac Store,,,,,,,,,,,,,
wildwest_bridge_build_challenge_TMB,POI,POIName,,x,x,Bridge Build Challenge,,,,,,,,,,,,,
wildwest_bridge_build_challenge01_TMB,POI,POIName,,x,x,Bridge Build Challenge,,,,,,,,,,,,,
wildwest_bridge_end_TMB,POI,POIName,,x,x,Bridge Build Challenge
wildwest_bridgeandladdersstart_TMB,POI,POIName,,x,x,Bridge and Ladders,,,,,,,,,,,,,
wildwest_bubbles_01_arramus,POI,POIName,,x,x,Bubble Trouble,,,,,,,,,,,,,
wildwest_bucksden_01_arramus,POI,POIName,,x,x,Buck's Den,,,,,,,,,,,,,
wildwest_business_01,POI,POIName,,x,x,Biskitz,,,,,,,,,,,,,
wildwest_business_02,POI,POIName,,x,x,BJ Welding,,,,,,,,,,,,,
wildwest_business_03,POI,POIName,,x,x,Fine Swines,,,,,,,,,,,,,
wildwest_business_04,POI,POIName,,x,x,Bath Haus,,,,,,,,,,,,,
wildwest_business_05,POI,POIName,,x,x,Oil Trader,,,,,,,,,,,,,
wildwest_business_06,POI,POIName,,x,x,Spitz Seeds,,,,,,,,,,,,,
wildwest_business_07,POI,POIName,,x,x,Eric's Stuff,,,,,,,,,,,,,
wildwest_business_08,POI,POIName,,x,x,Undie Takers,,,,,,,,,,,,,
wildwest_business_09,POI,POIName,,x,x,Earl's,,,,,,,,,,,,,
wildwest_business_10,POI,POIName,,x,x,Rifle Martyrs,,,,,,,,,,,,,
wildwest_business_11,POI,POIName,,x,x,Skamson Grocery,,,,,,,,,,,,,
wildwest_business_12,POI,POIName,,x,x,Cole's Books,,,,,,,,,,,,,
wildwest_business_13,POI,POIName,,x,x,Swiggin Serum,,,,,,,,,,,,,
wildwest_business_14,POI,POIName,,x,x,Lathan Hardware,,,,,,,,,,,,,
wildwest_cabin_01,POI,POIName,,x,x,Lumberjack Cabin,,,,,,,,,,,,,
wildwest_cabin_01_arramus,POI,POIName,,x,x,Cozy Cabin,,,,,,,,,,,,,
wildwest_cabin_02,POI,POIName,,x,x,Creaky Cabin,,,,,,,,,,,,,
wildwest_cabin_02_arramus,POI,POIName,,x,x,Greengrocer Cabin,,,,,,,,,,,,,
wildwest_cabin_03_arramus,POI,POIName,,x,x,Baker Cabin,,,,,,,,,,,,,
wildwest_cabin_04,POI,POIName,,x,x,Walton's Cabin,,,,,,,,,,,,,
wildwest_cabin_05,POI,POIName,,x,x,Step Easy Cabin,,,,,,,,,,,,,
wildwest_cabin_07,POI,POIName,,x,x,Ingall's Cabin,,,,,,,,,,,,,
wildwest_cabin_08,POI,POIName,,x,x,Greenbush Cabin,,,,,,,,,,,,,
wildwest_cabin_10,POI,POIName,,x,x,Coffin Cabin,,,,,,,,,,,,,
wildwest_cabin_11,POI,POIName,,x,x,Ale Wife Cabin,,,,,,,,,,,,,
wildwest_cabin_crispy_arramus,POI,POIName,,x,x,Crispy Cabin,,,,,,,,,,,,,
wildwest_capsized_arramus,POI,POIName,,x,x,Merchant Boat,,,,,,,,,,,,,
wildwest_cathedral_01,POI,POIName,,x,x,Cathedral,,,,,,,,,,,,,
wildwest_cathouse_Medusa,POI,POIName,,x,x,Cat House,,,,,,,,,,,,,
wildwest_cave01_TMB,POI,POIName,,x,x,Rattle Can Cave,,,,,,,,,,,,,
wildwest_cave_01_arramus,POI,POIName,,x,x,Burnt Caverns,,,,,,,,,,,,,
wildwest_cave_02_arramus,POI,POIName,,x,x,Crater Caverns,,,,,,,,,,,,,
wildwest_church,POI,POIName,,x,x,Church,,,,,,,,,,,,,
wildwest_coal_factory,POI,POIName,,x,x,Coal Factory,,,,,,,,,,,,,
wildwest_crackcave01_TMB,POI,POIName,,x,x,Cracked Cave,,,,,,,,,,,,,
wildwest_craterfield_01_arramus,POI,POIName,,x,x,Crater Field,,,,,,,,,,,,,
wildwest_craterwork_01_TMB_arramus,POI,POIName,,x,x,Crater Worker's Camp,,,,,,,,,,,,,
wildwest_deadtrees01_TMB,POI,POIName,,x,x,Dead Trees,,,,,,,,,,,,,
wildwest_deadtrees02_TMB,POI,POIName,,x,x,Dead Trees,,,,,,,,,,,,,
wildwest_deco_destroyedbuilding_TMB,POI,POIName,,x,x,Destroyed Building,,,,,,,,,,,,,
wildwest_deco_arch_01_TMBa,POI,POIName,,x,x,Arch,,,,,,,,,,,,,
wildwest_deco_desert_pool_01_TMB,POI,POIName,,x,x,Desert Pool,,,,,,,,,,,,,
wildwest_deco_mist_white01,POI,POIName,,x,x,X,,,,,,,,,,,,,
wildwest_deco_mountainwear_TMB,POI,POIName,,x,x,Mountain Cave,,,,,,,,,,,,,
wildwest_desertsettlers_01,POI,POIName,,x,x,Turmite Town,,,,,,,,,,,,,
wildwest_docks_01,POI,POIName,,x,x,Ferry,,,,,,,,,,,,,
wildwest_docks_02,POI,POIName,,x,x,Dragon Dock,,,,,,,,,,,,,
wildwest_docks_03,POI,POIName,,x,x,Haulwell Freight Co.,,,,,,,,,,,,,
wildwest_docks_04,POI,POIName,,x,x,Jetty,,,,,,,,,,,,,
wildwest_docks_05,POI,POIName,,x,x,Live Bait Dock,,,,,,,,,,,,,
wildwest_docksbroken_01,POI,POIName,,x,x,Broken Docks,,,,,,,,,,,,,
wildwest_dukepatrol_01_arramus,POI,POIName,,x,x,Duke Patrol,,,,,,,,,,,,,
wildwest_dukepower_01_arramus,POI,POIName,,x,x,Duke Power,,,,,,,,,,,,,
wildwest_farm_02,POI,POIName,,x,x,Corn n Blueberry Farm,,,,,,,,,,,,,
wildwest_farm_04,POI,POIName,,x,x,Veterinarean,,,,,,,,,,,,,
wildwest_farm_07,POI,POIName,,x,x,Boar Family Farm,,,,,,,,,,,,,
wildwest_farm_08,POI,POIName,,x,x,Honey Farm,,,,,,,,,,,,,
wildwest_farm_10,POI,POIName,,x,x,Grain Silo Farm,,,,,,,,,,,,,
wildwest_farm_12,POI,POIName,,x,x,Musical Farm,,,,,,,,,,,,,
wildwest_felledforest_TMB,POI,POIName,,x,x,Felled Forest,,,,,,,,,,,,,
wildwest_fort_01_arramus,POI,POIName,,x,x,Merchant Fort,,,,,,,,,,,,,
wildwest_frozen_storage_TMB,POI,POIName,,x,x,Frozen Storage,,,,,,,,,,,,,
wildwest_gallows,POI,POIName,,x,x,Gallows,,,,,,,,,,,,,
wildwest_gfv_01_arramus,POI,POIName,,x,x,Guppy Fried Vulture,,,,,,,,,,,,,
wildwest_gold_01_arramus,POI,POIName,,x,x,Gold Trader,,,,,,,,,,,,,
wildwest_GoodNews_Chaz916Gaming,POI,POIName,,x,x,Good News,,,,,,,,,,,,,
wildwest_green_place,POI,POIName,,x,x,Green Place,,,,,,,,,,,,,
wildwest_gunshop_01_arramus,POI,POIName,,x,x,Schimitty McGee's Guns,,,,,,,,,,,,,
wildwest_homestead_01_TMB,POI,POIName,,x,x,Homesteader,,,,,,,,,,,,,
wildwest_house_burnt_02,POI,POIName,,x,x,The Paciotti Residence,,,,,,,,,,,,,
wildwest_icecaves_TMB,POI,POIName,,x,x,Ice Caves,,,,,,,,,,,,,
wildwest_installation_red_mesa,POI,POIName,,x,x,Wild Red Mesa,,,,,,,,,,,,,
wildwest_jeanssteaks_01_arramus,POI,POIName,,x,x,Jean's Steakhouse,,,,,,,,,,,,,
wildwest_jail,POI,POIName,,x,x,Town Jail,,,,,,,,,,,,,
wildwest_liagsaloon_arramus,POI,POIName,,x,x,Life Is A Game Saloon,,,,,,,,,,,,,
wildwest_lighthouse_01_arramus,POI,POIName,,x,x,White Brick Lighthouse,,,,,,,,,,,,,
wildwest_lighthouse_02_arramus,POI,POIName,,x,x,Orange Brick Lighthouse,,,,,,,,,,,,,
wildwest_lodge_01,POI,POIName,,x,x,Journey's End,,,,,,,,,,,,,
wildwest_logdrive_01,POI,POIName,,x,x,Log Drive,,,,,,,,,,,,,
wildwest_loveshack_hotel_01,POI,POIName,,x,x,Loveshack Hotel,,,,,,,,,,,,,
wildwest_lyttletrippers_01_arramus,POI,POIName,,x,x,Lyttle Trippers,,,,,,,,,,,,,
wildwest_market_01_arramus,POI,POIName,,x,x,Market Square,,,,,,,,,,,,,
wildwest_meatloaf_01_arramus,POI,POIName,,x,x,Meatloaf Butcher,,,,,,,,,,,,,
wildwest_mine_01_arramus,POI,POIName,,x,x,Molteny Mine,,,,,,,,,,,,,
wildwest_ministrip_01_arramus,POI,POIName,,x,x,Yo Joe Moe n Boe,,,,,,,,,,,,,
wildwest_mixstrip_01_arramus,POI,POIName,,x,x,Life Is A Game,,,,,,,,,,,,,
wildwest_mountain_shack_01_TMB,POI,POIName,,x,x,Mountain Ridge Shack,,,,,,,,,,,,,
wildwest_mountain_shack_0102_TMB,POI,POIName,,x,x,Mountain Ridge Tabby Shack,,,,,,,,,,,,,
wildwest_narrowtunnel01_TMB,POI,POIName,,x,x,Narrow Tunnel Shortcut,,,,,,,,,,,,,
wildwest_traderbobpass01,POI,POIName,,x,x,Trader Bob Tunnel Shortcut,,,,,,,,,,,,,
wildwest_nitrary_01_arramus,POI,POIName,,x,x,Nitrary Factory,,,,,,,,,,,,,
wildwest_old_stormi_09,POI,POIName,,x,x,Stormi Weather Boarding House,,,,,,,,,,,,,
wildwest_pack_01_arramus,POI,POIName,,x,x,Murder Mounds,,,,,,,,,,,,,
wildwest_patrol_nation_01_arramus,POI,POIName,,x,x,Patrol Nation Trail Goods,,,,,,,,,,,,,
wildwest_picturehouse_Medusa,POI,POIName,,x,x,Picture House,,,,,,,,,,,,,
wildwest_prison_01,POI,POIName,,x,x,Swinging Prison,,,,,,,,,,,,,
wildwest_raft_destroyed_TMB,POI,POIName,,x,x,Destroyed Raft,,,,,,,,,,,,,
wildwest_railroad_Medusa,POI,POIName,,x,x,Copperhead Railroad,,,,,,,,,,,,,
wildwest_remnant_business_03,POI,POIName,,x,x,Crispy Books,,,,,,,,,,,,,
wildwest_remnant_oldwest_01,POI,POIName,,x,x,Wagon Stop,,,,,,,,,,,,,
wildwest_remnant_oldwest_02,POI,POIName,,x,x,Hay Bail Stop,,,,,,,,,,,,,
wildwest_remnant_oldwest_04,POI,POIName,,x,x,Broken Dreams,,,,,,,,,,,,,
wildwest_remnant_oldwest_05,POI,POIName,,x,x,Very Broken Dreams,,,,,,,,,,,,,
wildwest_remnant_oldwest_06,POI,POIName,,x,x,View with a Room,,,,,,,,,,,,,
wildwest_remnant_oldwest_07,POI,POIName,,x,x,Ash Hotel,,,,,,,,,,,,,
wildwest_remnant_oldwest_08,POI,POIName,,x,x,The Clutter Chest,,,,,,,,,,,,,
wildwest_remnant_oldwest_09,POI,POIName,,x,x,Burnt Barn,,,,,,,,,,,,,
wildwest_rockformation_01_TMB,POI,POIName,,x,x,Rock Formation 01,,,,,,,,,,,,,
wildwest_rockformation_02_TMB,POI,POIName,,x,x,Rock Formation 02,,,,,,,,,,,,,
wildwest_rural_church_01,POI,POIName,,x,x,Rural Church,,,,,,,,,,,,,
wildwest_saloon_01_arramus,POI,POIName,,x,x,Winchester Barroom,,,,,,,,,,,,,
wildwest_sawmill_01_arramus,POI,POIName,,x,x,Sawmill,,,,,,,,,,,,,
wildwest_schoolfix_01_arramus,POI,POIName,,x,x,Walton Wagon School,,,,,,,,,,,,,
wildwest_settler_01_arramus,POI,POIName,,x,x,Hopeful Settlers,,,,,,,,,,,,,
wildwest_shipping_warehouse_TMB,POI,POIName,,x,x,Shipping Warehouse,,,,,,,,,,,,,
wildwest_shipwreckage_TMB,POI,POIName,,x,x,Ship Wreck,,,,,,,,,,,,,
wildwest_smallcabin_01_TMB,POI,POIName,,x,x,Small Smokey Cabin,,,,,,,,,,,,,
wildwest_smallcabin_01_TMB_arramus,POI,POIName,,x,x,Small Lumber Cabin,,,,,,,,,,,,,
wildwest_smallcabin_02_TMB_arramus,POI,POIName,,x,x,Small Workshop Cabin,,,,,,,,,,,,,
wildwest_spectabcem_01_arramus,POI,POIName,,x,x,Wine Mine Fine,,,,,,,,,,,,,
wildwest_spelunking_deathtrap_TMB,POI,POIName,,x,x,Spelunking Death Trap,,,,,,,,,,,,,
wildwest_spelunking_deathtrap_02_TMB,POI,POIName,,x,x,Spelunking Death Trap Crater,,,,,,,,,,,,,
wildwest_spelunking_deathtrap_0201_TMB,POI,POIName,,x,x,Spelunking Death Trap Crater,,,,,,,,,,,,,
wildwest_splint_eastwood_01_arramus,POI,POIName,,x,x,Splint Eastwood Hospital,,,,,,,,,,,,,
wildwest_stables,POI,POIName,,x,x,Lazy H Stables,,,,,,,,,,,,,
wildwest_stables_01_arramus,POI,POIName,,x,x,Gee Gee Stables,,,,,,,,,,,,,
wildwest_stables_02_arramus,POI,POIName,,x,x,Double Hay Stables,,,,,,,,,,,,,
wildwest_stables_03_arramus,POI,POIName,,x,x,Gee Bee Stables Saloon,,,,,,,,,,,,,
wildwest_station_01_arramus,POI,POIName,,x,x,Station Strip,,,,,,,,,,,,,
wildwest_station_02_arramus,POI,POIName,,x,x,Waiting Room,,,,,,,,,,,,,
wildwest_stonecave_01_arramus,POI,POIName,,x,x,Crater Bear Cave,,,,,,,,,,,,,
wildwest_stonecave_02_arramus,POI,POIName,,x,x,Crater Bear Cave,,,,,,,,,,,,,
wildwest_strip_01,POI,POIName,,x,x,EZ Strip,,,,,,,,,,,,,
wildwest_strip_02,POI,POIName,,x,x,Stiff Strip,,,,,,,,,,,,,
wildwest_strip_03,POI,POIName,,x,x,Gun n Fun Strip,,,,,,,,,,,,,
wildwest_strip_04,POI,POIName,,x,x,Metal Meltdown,,,,,,,,,,,,,
wildwest_sweeney_01_arramus,POI,POIName,,x,x,Sweeny n Lovett,,,,,,,,,,,,,
wildwest_tobacco_01_arramus,POI,POIName,,x,x,Old Smokey,,,,,,,,,,,,,
wildwest_townclock_saloon_01_arramus,POI,POIName,,x,x,Timber Clock Saloon,,,,,,,,,,,,,
wildwest_tradertales,POI,POIName,,x,x,Fort Trader Tales,,,,,,,,,,,,,
wildwest_treasure_01_TMB,POI,POIName,,x,x,Treasure Chest,,,,,,,,,,,,,
wildwest_tug_wreck_TMB,POI,POIName,,x,x,Tug Wreck,,,,,,,,,,,,,
wildwest_tunnelcave_TMB,POI,POIName,,x,x,Tunnel Cave,,,,,,,,,,,,,
wildwest_tunnelcave01_TMB,POI,POIName,,x,x,Crater Tunnel Cave,,,,,,,,,,,,,
wildwest_tunnelcave02_TMB,POI,POIName,,x,x,Medusa Tunnel Cave,,,,,,,,,,,,,
wildwest_upright_arramus,POI,POIName,,x,x,Upright Merchant Vessel,,,,,,,,,,,,,
wildwest_upright_drydock_arramus,POI,POIName,,x,x,Drydock,,,,,,,,,,,,,
wildwest_Vaudeville_Medusa,POI,POIName,,x,x,Blair Vaudeville Theater,,,,,,,,,,,,,
wildwest_venom_mine_TMB,POI,POIName,,x,x,Venom Mine,,,,,,,,,,,,,
wildwest_wateringhole01_TMB,POI,POIName,,x,x,Large Watering Hole,,,,,,,,,,,,,
wildwest_wateringhole02_TMB,POI,POIName,,x,x,Small Watering Hole,,,,,,,,,,,,,
wildwest_watertower,POI,POIName,,x,x,Water Tower,,,,,,,,,,,,,
wildwest_wildernessgroup_01_Medusa_arramus,POI,POIName,,x,x,Wilderness Mine and Dine,,,,,,,,,,,,,
wildwest_wildernessgroup_02_Medusa_TMB_arramus,POI,POIName,,x,x,Dead Tired Compound,,,,,,,,,,,,,
wildwest_woodpecker_01_arramus,POI,POIName,,x,x,Woodpecker,,,,,,,,,,,,,

cobblestoneShapes,blocks,Block,,,,Cobblestone Shapes,,,,,,,,,,,,,
woodShapes,blocks,Block,,,,Wood Shapes,,,,,,,,,,,,,
quest_WhiteRiverCitizen1_description_title,Journal Tip,,,,,Wild West Settler,,,,,,,,,,,,,
tutorialTipQuest01,Journal Tip,,,,,"Welcome Settler!\n\nUnable to navigate through a heavy fog and a strange blood red sky, your ship has crashed into rocks and the vessel upturned. The island you have stumbled upon is fraught with danger. Prepare yourself for....\n\nThe Wild West.",,,,,,,,,,,,,
tutorialTipQuest01_title,Journal Tip,,,,,Started Wild West Survival,,„Das 1x1 des Überlebens“ begonnen,Supervivencia básica empezada,Bases de la survie (en cours),È iniziata la missione di sopravvivenza di base,サバイバルの基本を始めました,생존의 기본 시작,Podstawy przetrwania — początek zadania,Iniciando o Básico da Sobrevivência,Запущены основы выживания,Temel Hayatta Kalma Başladı,开始基础生存技巧,開始學習生存基本知識,Supervivencia básica empezada
tutorialTipQuest02,Journal Tip,,,,,"Wild West Survival is your active quest. The quest's status is displayed on the Objective Tracker in the top right of the screen. For more information on quests, access your Inventory and navigate to the Quests menu.\n\nPlease complete the Wild West Survival stage in order to receive 5 Skill Points, and the 'Infected Settlers' quest from the first trader.",,,,,,,,,,,,,
quest_WhiteRiverCitizen1,Quest,Quest Info,,,,Wild West Settler 1/1,,,,,,,,,,,,,
quest_WhiteRiverCitizen1_description,Quest,Quest Info,,,,"Good Job Settler,\n\nYou have proved to be capable, and with much potential. We have marked your map with a New Frontier Outpost location. There you will find a Trader where you can buy and sell goods, and trade stories with one of our friendly townsfolk.\n\nWelcome Aboard, - The New Frontier Fellowship",,,,,,,,,,,,,
questRewardT1HandgunBundle,items,item,,,,.38 666 Bundle,,,,,,,,,,,,,
questRewardT2HandgunBundle,items,item,,,,.44 Raven Bundle,,,,,,,,,,,,,
questRewardT3HandgunBundle,items,item,,,,.44 Schofield Bundle,,,,,,,,,,,,,
questRewardT3HandgunLegendaryBundle,items,item,,,,Q6 .44 Schofield Legendary Bundle,,,,,,,,,,,,,
questRewardT3RifleBundle,items,item,,,,Legendary Tribe Winchester Rifle Bundle,,,,,,,,,,,,,
questRewardT3RifleLegendaryBundle,items,item,,,,Q6 Legendary Tribe Winchester Rifle Bundle,,,,,,,,,,,,,

quest_WhiteRiverCitizen0_name,Quest,Quest Info,,,,"Wild West Startpoint",,,,,,,,,,,,,
quest_WhiteRiverCitizen0_subtitle,Quest,Quest Info,,,,"Wild West Startpoint",,,,,,,,,,,,,
quest_WhiteRiverCitizen0_description,Quest,Quest Info,,,,"Welcome Settler!\n\nUnable to navigate through a heavy fog and a strange blood red sky, your ship has crashed into rocks and the vessel upturned. The island you have stumbled upon is fraught with danger. Prepare yourself for....\n\nThe Wild West Mod.",,,,,,,,,,,,,
quest_WhiteRiverCitizen0_description_title,Journal Tip,,,,,Wild West Mod,,,,,,,,,,,,,
WildWestStarterKit,items,item,,,,Settler Starter Kit,,,,,,,,,,,,,
WildWestStarterKitDesc,items,item,,,,This Settler Starter Kit provides a few items to ease you back into the Wild West.,,,,,,,,,,,,,

quest_BasicSurvival1,Quest,Quest Info,,,,Wild West Survival 1/6,,Das 1x1 des Überlebens 1/6,Supervivencia básica 1/6,Les bases de la survie 1/6,Basi della sopravvivenza 1/6,生き残るための基礎知識 1/6,기본 생존 1/6,Podstawy przetrwania 1/6,Sobrevivência Básica 1/6,Основы выживания 1/6,Temel Hayatta Kalma 1/6,基础生存 1/6,基本生存 1/6,Supervivencia básica 1/6
quest_BasicSurvival1_description,Quest,Quest Info,,,,"Craft a Bedroll by gathering plant fibers. Once you have the ingredients open your crafting inventory, navigate to the basics recipe category, highlight the recipe and click the craft button.\n\nPlace the Bedroll in the world by first equipping it and using the secondary action key. Once placed you'll see a Bed Icon on your compass and map. This will lead you back to your home and will act as a re-spawn point if you die.",,"Fertige einen Schlafsack, indem du Pflanzenfasern sammelst. Wenn du die Zutaten hast, öffne dein Handwerks-Inventar und gehe zur Rezeptkategorie „Grundlagen“. Markiere das Rezept und klicke auf „Fertigen“. \n\nPlatziere den Schlafsack in der Welt, indem du ihn zuerst ausrüstest und dann die sekundäre Aktionstaste verwendest. Wenn er platziert ist, erscheint ein Bett-Symbol auf deinem Kompass und deiner Karte. Dies wird dich zurück nach Hause führen, und außerdem wirst du hier wiedererscheinen, falls du stirbst.","Fabrica un saco de dormir con fibra vegetal. Una vez tengas los ingredientes, abre el menú de fabricación, ve a la categoría de recetas básicas, selecciona la receta y presiona el botón de fabricar. \n\nPara poner el saco de dormir en el mundo, equípalo y presiona el botón de acción secundaria. Una vez puesto, verás un icono de una cama en la brújula y en el mapa. Esto te guiará de nuevo a tu casa y funcionará como punto de reaparición si mueres.","Fabriquez un sac de couchage à l'aide de fibres végétales. Une fois les composants acquis, ouvrez votre inventaire de fabrication, accédez à la catégorie des compositions de base, sélectionnez la composition souhaitée, puis cliquez sur le bouton de fabrication. \n\nÉquipez le sac de couchage, puis placez-le à l'aide de la touche d'action secondaire. Une fois placé, une icône de lit s'affichera sur votre boussole et votre carte. Cette icône vous aidera à retrouver votre foyer et servira de point de réapparition si vous veniez à mourir.","Crea un sacco a pelo raccogliendo fibre vegetali. Una volta che hai gli ingredienti, apri il tuo inventario di creazione, vai nella categoria ricette di base, evidenzia la ricetta e clicca il tasto ""Crea"". \n\nPosiziona il sacco a pelo nel mondo equipaggiandolo e usando il tasto per l'azione secondaria. Una volta posizionato vedrai l'icona che raffigura un letto sulla bussola e sulla mappa. Questo ti permetterà di tornare a casa e fungerà da punto di rigenerazione se muori.",植物繊維を集めて寝袋をクラフトしましょう。材料を集めたら、クラフト所持品を開き、基本レシピカテゴリーからレシピを選び、クラフトボタンをクリックします。\nワールド内に寝袋を設置しましょう。まずは寝袋を装備して、それから第二アクションキーを使います。寝袋を設置すると、コンパスと地図の両方にベッドアイコンが表示されます。これでホームへと帰ることができるようになり、死んでしまった場合の再出現ポイントとして機能します。,"식물 섬유를 채집해 침낭을 제작하세요. 재료를 다 모았다면 제작 인벤토리를 열어 기본 레시피 카테고리로 가서 레시피를 강조한 후 제작 버튼을 클릭합니다. \n\n우선 착용한 후 보조 행동 키를 사용해 침낭을 둡니다. 침낭을 놓은 후에는 나침반과 지도에서 침대 아이콘을 볼 수 있습니다. 침대 아이콘은 집으로 돌아올 수 있도록 하고, 사망 시 부활 포인트로 작동합니다.","Wytwórz śpiwór z zebranych włókien roślinnych. Gdy zdobędziesz potrzebne składniki, otwórz ekwipunek rzemieślnika, przejdź do podstawowych przepisów, wybierz przepis i kliknij przycisk wytwarzania. \n\nRozmieść śpiwór w świecie gry, wyposażając go i przyciskając klawisz akcji pomocniczej. Po rozmieszczeniu na kompasie i mapie wyświetlona zostanie ikona łóżka. Dzięki temu łatwiej trafisz do domu, a po śmierci odrodzisz się w znanym sobie otoczeniu.","Colete fibras vegetais para fabricar um Saco de Dormir. Quando tiver os ingredientes, abra o inventário de fabricação, navegue até a categoria de receita básica, selecione a receita e clique no botão Fabricar. \n\nPara colocar o Saco de Dormir no mundo, equipe-se com ele primeiro e aperte o botão de ação secundária. Depois disso, você verá o ícone de uma cama na bússola e no mapa. Ele guiará você de volta para casa e será seu ponto de ressurgimento caso você morra.","Собрать растительные волокна и изготовить спальник. Как только у вас будут все ингредиенты, откройте «Изготовление» в инвентаре, перейдите в основные рецепты, подсветите рецепт и нажмите кнопку «Изготовить». \n\nРазместите спальник в мире. Для этого возьмите его в руки и нажмите клавишу дополнительного действия. Разместив спальник, вы увидите значок кровати у себя на компасе и на карте. Это приведет вас обратно к дому и станет точкой возрождения в случае смерти.","Bitki lifi toplayarak bir Dürülü Yatak üret. Gerekli malzemeleri topladıktan sonra üretim envanterini aç, temel tarif kategorisine git, tarifi vurgula ve Üret düğmesine tıkla. \n\nDürülü Yatağı dünyaya yerleştirmek için önce donan, ardından ikincil eylem tuşuna bas. Yerleştirdikten sonra pusulanda ve haritanda bir Yatak Simgesi göreceksin. Bu sayede evinin yolunu bulabilecek ve ölürsen doğma noktası olarak kullanabileceksin.",收集植物纤维，制作一个睡袋。收集好原料后，打开制作物品栏，找到基础配方栏，点亮配方，再单击制作按钮。\n\n先装备睡袋，然后用辅助动作快捷键将其放置于世界中。放好之后，您就可以在指南针和地图上看到一个床的图标。这将引导你回到你的家，并在你死亡后作为重生点将你复活。,收集植物纖維來製作睡袋。當你有了材料，打開製作物品欄，導航到基本配方類別，標出配方並點擊製作按鈕。\n\n在世界放置睡袋，首先安裝，然後使用輔助動作鍵。放置好後，你會在指南針和地圖上看到牀的圖標。這將引導你回到你的家，如果你死了，這裏將作爲一個重生點。,"Fabrica un saco de dormir con fibra vegetal. Una vez tengas los ingredientes, abre el menú de fabricación, ve a la categoría de recetas básicas, selecciona la receta y presiona el botón de fabricar. \n\nPara poner el saco de dormir en el mundo, equípalo y presiona el botón de acción secundaria. Una vez puesto, verás un icono de una cama en la brújula y en el mapa. Esto te guiará de nuevo a tu casa y funcionará como punto de reaparición si mueres."
quest_BasicSurvival1_subtitle,Quest,Quest Info,,,,Craft a Bedroll,,Fertige einen Schlafsack,Fabrica un saco de dormir.,Fabriquer un sac de couchage,Crea un sacco a pelo,寝袋をクラフトする,침낭 제작하기,Wytwórz śpiwór,Fabrique um Saco de Dormir,Изготовить спальник,Dürülü Yatak Üret,制作睡袋,製作睡袋,Fabrica un saco de dormir.
quest_BasicSurvival2,Quest,Quest Info,,,,Wild West Survival 2/6,,Das 1x1 des Überlebens 2/6,Supervivencia básica 2/6,Les bases de la survie 2/6,Basi della sopravvivenza 2/6,生き残るための基礎知識 2/6,기본 생존 2/6,Podstawy przetrwania 2/6,Sobrevivência Básica 2/6,Основы выживания 2/6,Temel Hayatta Kalma 2/6,基础生存 2/6,基本生存 2/6,Supervivencia básica 2/6
quest_BasicSurvival2_description,Quest,Quest Info,,,,"Craft a Stone Axe to help you defend yourself and gather crafting ingredients. Gather the ingredients by attacking grass, stone, or wood objects. You can also pick up small stones by looking at them and using the Pickup action. Once you have the ingredients, access the Inventory and locate Stone Axe in the Basics category of the Crafting window. Craft a Stone Axe.",,"Fertige eine Steinaxt, um dich zu verteidigen und sammle Handwerksmaterialien. Sammle die Materialien, indem du Gras, Steine oder Holzobjekte angreifst. Du kannst auch kleine Steine aufheben, indem du sie anschaust und die Aufheben-Aktion verwendest. Nachdem du die Materialien gesammelt hast, öffnest du das Inventar und wählst die Steinaxt in der Kategorie „Grundlagen“ des Fertigungs-Fensters aus. Fertige eine Steinaxt.","Crea un Hacha de Piedra para ayudarte a defenderte y reunir los ingredientes de la artesanía. Reúne los ingredientes uniendo hierbas, piedras u objetos de madera. También puedes recoger piedras pequeñas mirándolas y usando la acción Recoger. Cuando tengas los ingredientes, accede al inventario y localiza el hacha de piedra en la categoría Básicos de la ventana Creación. Fabrica un hacha de piedra.","Fabriquez une hache de pierre pour vous défendre et collectez des composants de fabrication. Attaquez l'herbe, la pierre et les objets en bois pour récupérer les composants. Vous pouvez également ramasser des petites pierres en appuyant sur la touche de ramassage tout en les ciblant. Une fois les composants acquis, accédez à votre inventaire et cherchez la hache de pierre dans la catégorie des compositions de base de la fenêtre de fabrication. Fabriquez une hache de pierre.","Crea un'ascia di pietra per difenderti e raccogliere ingredienti di creazione. Raccogli gli ingredienti attaccando l'erba, le pietre, o gli oggetti di legno. Puoi anche raccogliere piccole pietre guardandole e usando ""Raccogli"". Una volta che hai gli ingredienti, accedi all'inventario e individua l'ascia di pietra nella categoria di base della finestra di creazione. Crea un'ascia di pietra.",石斧をクラフトして、自分自身の身を守り、クラフト素材を集めましょう。草、石、木オブジェクトを攻撃して素材を集めましょう。小石を見て、拾うアクションを使って拾い上げることもできます。素材が集まったら所持品に移動して、クラフトウィンドウの基本カテゴリの石斧を見つけます。石斧をクラフトする。,"돌 도끼를 제작해 스스로를 방어하고 제작 재료를 채집하세요. 풀, 돌, 나무를 공격해 재료를 채집할 수 있습니다. 작은 돌을 보며 집어들기 행동을 이용해 집어 들 수도 있습니다. 재료를 다 모았다면 인벤토리에 액세스해 제작 창의 기본 카테고리에서 돌 도끼를 찾으세요. 돌 도끼를 제작합니다.","Wytwórz kamienną siekierę, którą odeprzesz wrogów i zbierzesz zasoby potrzebne do wytwarzania przedmiotów. Zbieraj składniki, atakując trawę, kamienie lub drewniane obiekty. Małe kamyki podniesiesz, patrząc na nie i używając akcji podnoszenia. Gdy zdobędziesz wszystkie składniki, otwórz ekwipunek i zlokalizuj kamienną siekierę w kategorii podstawowej okna rzemiosła. Wytwórz kamienną siekierę.","Fabrique um Machado de Pedra para se defender e coletar ingredientes de fabricação. Para coletar ingredientes, ataque objetos de grama, pedra ou madeira. Também é possível pegar pedras pequenas ao olhar para elas e usar a ação Pegar. Quando tiver os ingredientes, acesse o Inventário e ache o Machado de Pedra na categoria Básico da janela Fabricação. Fabrique um Machado de Pedra.","Изготовьте каменный топор, чтобы защищать себя и собирать ингредиенты для изготовления. Собирайте ингредиенты, воздействуя на траву, камни или деревянные предметы. Вы также можете подбирать небольшие камни, посмотрев на них и использовав действие «Подобрать». Как только у вас будут все ингредиенты, откройте инвентарь и найдите каменный топор в основных рецептах в окне изготовления. Изготовьте каменный топор.","Kendini savunmak ve üretim malzemesi toplamak için bir Taş Balta üret. Ot, taş veya tahta nesnelere saldırarak malzemeleri biriktir. Ayrıca baktığın küçük taşları Yerden Alma işlemini kullanarak yerden toplayabilirsin. Bileşenleri topladıktan sonra Envanter'e eriş ve Üretim penceresinin Temel Öğeler kategorisinde Taş Balta'yı bul. Taş Balta üret.",制作一把石斧，用来自卫并收集制作原材料。攻击草、石头或木头物品来收集原材料。你也可以看向小石子并使用“拾取”动作，拾取小石子。一旦你拥有了此类材料，打开背包然后在“制作”窗口的“基础”栏中找到石斧。制作一把石斧。,製作一把石斧來幫助你保護自己和收集製作材料。攻擊草、石頭或木頭來收集材料。你也可以透過觀察和使用拾取動作來拾取小石頭。當你有了材料，進入物品欄，在製作視窗的基本類別中找到石斧。製作石斧,"Crea un Hacha de Piedra para ayudarte a defenderte y reunir los ingredientes de la artesanía. Reúne los ingredientes uniendo hierbas, piedras u objetos de madera. También puedes recoger piedras pequeñas mirándolas y usando la acción Recoger. Cuando tengas los ingredientes, accede al inventario y localiza el hacha de piedra en la categoría Básicos de la ventana Creación. Fabrica un hacha de piedra."
quest_BasicSurvival2_subtitle,Quest,Quest Info,,,,Craft a Stone Axe,,Fertige eine Steinaxt,Fabrica un hacha de piedra,Fabriquer une hache de pierre,Crea un'ascia di pietra,石斧をクラフトする,돌 도끼 제작하기,Wytwórz kamienną siekierę,Fabrique um Machado de Pedra,Изготовить каменный топор,Taş Balta Üret,制作一把石斧,製作石斧,Fabrica un hacha de piedra
quest_BasicSurvival3,Quest,Quest Info,,,,Wild West Survival 3/6,,Das 1x1 des Überlebens 3/6,Supervivencia básica 3/6,Les bases de la survie 3/6,Basi della sopravvivenza 3/6,生き残るための基礎知識 3/6,기본 생존 3/6,Podstawy przetrwania 3/6,Sobrevivência Básica 3/6,Основы выживания 3/6,Temel Hayatta Kalma 3/6,基础生存 3/6,基本生存 3/6,Supervivencia básica 3/6
quest_BasicSurvival3_description,Quest,Quest Info,,,,"Craft plant fiber clothing to protect you from damage and keep you warm in cold weather. Gather plant fibers by attacking grass and small plants. Once you have the ingredients, access the Inventory and locate the Clothing category of the Crafting window. Craft plant fiber clothing.",,"Fertige Kleidung aus Pflanzenfasern, um dich vor Schaden zu schützen und dich bei kaltem Wetter warm zu halten. Sammle Pflanzenfasern, indem du Gras und kleinere Pflanzen angreifst. Nachdem du die Materialien gesammelt hast, öffnest du das Inventar und wählst die Kategorie „Kleidung“ aus. Fertige Kleidung aus Pflanzenfasern.","Fabrica ropa de fibra vegetal para protegerte de daño y mantenerte en calor cuando haga frío. Recolecta fibra vegetal atacando la hierba y las plantas pequeñas. Cuando tengas los ingredientes, accede al inventario y localiza la categoría de Ropa de la ventana Creación. Fabrica ropa de fibra vegetal.","Fabriquez un vêtement en fibres végétales pour vous protéger et vous tenir chaud lorsque les températures baissent. Collectez des fibres végétales en attaquant l'herbe et les petites plantes. Une fois les composants acquis, accédez à votre inventaire et cherchez la catégorie des vêtements de la fenêtre de fabrication. Fabriquez un vêtement en fibres végétales.","Crea vestiti di fibre vegetali per proteggerti dai danni e tenerti al caldo. Raccogli fibre vegetali attaccando l'erba e le piccole piante. Una volta che hai gli ingredienti, accedi all'inventario e individua la categoria vestiti della finestra di creazione. Crea vestiti di fibre vegetali.",植物繊維の服をクラフトして、ダメージから身を守り、寒い気候でも暖かく過ごせるようにしましょう。草や小さな植物を攻撃して植物の繊維を集めましょう。素材が集まったら所持品に移動して、クラフトウィンドウの衣服カテゴリを見つけます。植物繊維の服をクラフトする。,식물 섬유 옷을 제작하면 대미지를 보호하고 추운 날씨에도 따뜻하게 지낼 수 있습니다. 풀과 작은 식물을 공격해 식물 섬유를 채집하세요. 재료를 다 모았다면 인벤토리에 액세스해 제작 창의 의류 카테고리를 찾으세요. 식물 섬유 옷을 제작합니다.,"Wytwórz ubrania z włókna roślinnego, aby chronić się przed obrażeniami oraz gorącą i zimną pogodą. Pozyskuj włókna roślinne, atakując trawę i małe rośliny. Gdy zdobędziesz wszystkie składniki, otwórz ekwipunek i zlokalizuj kategorię Ubrania w oknie rzemiosła. Wytwarzaj ubrania z włókna roślinnego.","Fabrique roupas de fibra vegetal para proteger-se de dano e manter-se quente no clima frio. Colete fibras vegetais ao atacar grama e plantas pequenas. Quando tiver os ingredientes, acesse o Inventário e ache a categoria Roupas da janela Fabricação. Fabrique roupas de fibra vegetal.","Изготовьте одежду из растительных волокон, чтобы защитить себя от урона и согреться в холодную погоду. Собирайте растительные волокна, воздействуя на траву и маленькие растения. Как только у вас будут все ингредиенты, откройте инвентарь и найдите категорию «Одежда» в окне изготовления. Изготовьте одежду из растительных волокон.",Hasardan korunmak ve soğuk havada üşümemek için bitki lifinden kıyafet üret. Ot ve küçük bitkilere saldırarak bitki lifi topla. Bileşenleri topladıktan sonra Envanter'e eriş ve Üretim penceresinin Giyim kategorisini bul. Bitki lifinden kıyafet üret.,以植物纤维为原材料制作衣物，为你抵御伤害并在寒冷天气中提供温暖。通过攻击草与小型植物来获取植物纤维。一旦你拥有了此类材料，打开背包然后在“制作”窗口中找到“基础”栏。制作以植物纤维为原料的衣物。,製作植物纖維服裝來保護你，讓你免受傷害，在寒冷的天氣裏幫你保暖。攻擊草和小植物來收集植物纖維。當你有了材料，進入物品欄，在製作視窗找到服裝類別。製作植物纖維服裝。,"Fabrica ropa de fibra vegetal para protegerte de daño y mantenerte en calor cuando haga frío. Recolecta fibra vegetal atacando la hierba y las plantas pequeñas. Cuando tengas los ingredientes, accede al inventario y localiza la categoría de Ropa de la ventana Creación. Fabrica ropa de fibra vegetal."
quest_BasicSurvival3_subtitle,Quest,Quest Info,,,,Craft Plant Fiber Clothing,,Fertige Kleidung aus Pflanzenfasern,Fabrica ropa de fibra vegetal,Fabriquer un vêtement en fibres végétales,Crea vestiti di fibre vegetali,植物繊維の服をクラフトする,식물 섬유 옷 제작하기,Wytwarzaj ubrania z włókna roślinnego,Fabrique roupas de fibra vegetal,Изготовить одежду из растительных волокон,Bitki Lifinden Kıyafet Üret,制作以植物纤维为原料的衣物,製作植物纖維服裝,Fabrica ropa de fibra vegetal
quest_BasicSurvival4,Quest,Quest Info,,,,Wild West Survival 4/6,,Das 1x1 des Überlebens 4/6,Supervivencia básica 4/6,Les bases de la survie 4/6,Basi della sopravvivenza 4/6,生き残るための基礎知識 4/6,기본 생존 4/6,Podstawy przetrwania 4/6,Sobrevivência Básica 4/6,Основы выживания 4/6,Temel Hayatta Kalma 4/6,基础生存 4/6,基本生存 4/6,Supervivencia básica 4/6
quest_BasicSurvival4_description,Quest,Quest Info,,,,"To wear your plant fiber clothing, access the Inventory and select an article of clothing, then select Wear in the Action window. Once dressed, access the Character menu to see the insulation and defense your worn clothing provides in the top left of the Character window.",,"Trage die Kleidung aus Pflanzenfasern, indem du das Inventar öffnest, ein Kleidungsstück auswählst und im Aktions-Fenster „Tragen“ auswählst. Erstmal angezogen, öffne das Charakter-Menü, um links-oben im Charakter-Fenster die Wärmedämmung und die Verteidigung anzusehen, die dir deine getragene Kleidung bietet.","Para usar la ropa de fibra vegetal, accede al Inventario y selecciona una prenda de vestir, luego selecciona Usar en la ventana Acción. Una vez equipada, accede al menú Personaje para ver el aislamiento y la defensa que tu ropa proporciona en la parte superior izquierda de la ventana Personaje.","Pour équiper votre vêtement en fibres végétales, accédez à votre inventaire et sélectionnez-le, puis appuyez sur Porter dans la fenêtre d'action. Une fois équipé, rendez-vous sur le menu de personnage et regardez en haut à gauche de la fenêtre de personnage pour découvrir l'isolation et la défense que vous octroie votre vêtement.","Per indossare i tuoi vestiti di fibre vegetali, accedi all'inventario e seleziona un vestito, poi seleziona Indossa nella finestra d'azione. Una volta indossati, accedi al menu Personaggio per vedere l'isolamento e le difese che ti forniscono i tuoi vestiti in alto a sinistra nella finestra Personaggio.",植物の繊維の服を着るには、所持品に移動して衣類を選択。そしてアクションウィンドウで着用を選択します。衣類を身につけたら、キャラクターメニューに移動して、キャラクターウィンドウ左上から身につけている衣類の断熱性および防御力を確認します。,식물 섬유 옷을 착용하려면 인벤토리에 액세스해 옷 항목을 선택한 후 행동 창에서 장착을 선택합니다. 옷을 입은 후 캐릭터 메뉴에 액세스해 장착한 의류의 보호와 방어를 확인합니다. 캐릭터 창 상단 왼쪽에서 확인할 수 있습니다.,"Aby włożyć ubrania z włókna roślinnego, otwórz ekwipunek i wybierz ubranie, a następnie w oknie akcji wybierz opcję Włóż. Gdy się ubierzesz, otwórz menu postaci, aby w lewym górnym rogu okna sprawdzić izolację i poziom ochrony zapewniany przez ubranie.","Para vestir suas roupas de fibra vegetal, acesse o Inventário, selecione uma peça de roupa e clique em Vestir na janela Ação. Depois disso, acesse o menu Personagem para ver o isolamento e a defesa que a sua roupa concede no canto superior esquerdo da janela Personagem.","Чтобы надеть одежду из растительных волокон, зайдите в инвентарь и выберите предмет одежды, затем выберите «Надеть» в окне действия. Как оденетесь, войдите в меню «Персонаж», чтобы в левом верхнем углу окна увидеть, какую защиту и сопротивление дает надетая одежда.",Bitki lifinden kıyafetlerini giymek için Envanter'e erişip bir parça kıyafet seçtikten sonra İşlem penceresinde Giy'i seç. Giyindikten sonra Karakter menüsüne giderek Karakter ekranının sol üst köşesinde giydiğin kıyafetlerin sağladığı yalıtım ve savunma değerlerini gör.,如果想要穿上你的植物纤维衣服，请打开背包并挑选一件衣服，然后选择”动作”窗口中的“穿着”选项。穿衣完毕，打开“角色”菜单后，查看菜单左上方衣物提供的保暖与防御情况。,如果想穿植物纖維服裝，進入物品欄並選擇一件，然後在動作視窗中選擇穿戴。穿好後，進入角色選單，在角色視窗的左上角查看所穿服裝提供的隔熱和防護效果。,"Para usar la ropa de fibra vegetal, accede al Inventario y selecciona una prenda de vestir, luego selecciona Usar en la ventana Acción. Una vez equipada, accede al menú Personaje para ver el aislamiento y la defensa que tu ropa proporciona en la parte superior izquierda de la ventana Personaje."
quest_BasicSurvival4_subtitle,Quest,Quest Info,,,,Wear Plant Fiber Clothing,,Trage Kleidung aus Pflanzenfasern,Ponte ropa de fibra vegetal.,Porter un vêtement en fibres végétales,Indossa vestiti di fibre vegetali,植物の繊維の服を着る,식물 섬유 옷 착용하기,Włóż ubrania z włókna roślinnego,Vista roupas de fibra vegetal,Надеть одежду из растительных волокон.,Bitki Lifinden Kıyafetleri Giy,穿着以植物纤维为原料的衣物,穿植物纖維服裝,Ponte ropa de fibra vegetal.
quest_BasicSurvival5,Quest,Quest Info,,,,Wild West Survival 5/6,,Das 1x1 des Überlebens 5/6,Supervivencia básica 5/6,Les bases de la survie 5/6,Basi della sopravvivenza 5/6,生き残るための基礎知識 5/6,기본 생존 5/6,Podstawy przetrwania 5/6,Sobrevivência Básica 5/6,Основы выживания 5/6,Temel Hayatta Kalma 5/6,基础生存 5/6,基本生存 5/6,Supervivencia básica 5/6
quest_BasicSurvival5_description,Quest,Quest Info,,,,"Gather wood by attacking trees or bushes. Once you have the ingredients, access the Inventory and locate Wooden Club in the Basics category of the Crafting window. Craft a Wooden Club.",,"Sammle Holz, indem du Bäume oder Büsche angreifst. Nachdem du die Materialien gesammelt hast, öffnest du das Inventar und wählst den Holzknüppel in der Kategorie „Grundlagen“ des Fertigungs-Fensters aus. Fertige einen Holzknüppel.","Recolectar madera atacando árboles o arbustos. Cuando tengas los ingredientes, accede al inventario y localiza el garrote de madera en la categoría Básicos de la ventana de Creación. Fabrica un garrote de madera.","Collectez du bois en attaquant les arbres et les buissons. Une fois les composants acquis, accédez à votre inventaire et cherchez la massue en bois dans la catégorie des compositions de base de la fenêtre de fabrication. Fabriquez une massue en bois.","Raccogli legna attaccando gli alberi o i cespugli. Una volta che hai gli ingredienti, accedi all'inventario e individua la mazza di legno nella categoria di base della finestra di creazione. Crea una mazza di legno.",木または茂みを攻撃して木を集めましょう。素材が集まったら、所持品に移動してクラフトウィンドウの基本カテゴリの木の棍棒を見つけます。木の棍棒をクラフトする。,나무와 풀숲을 공격해 목재를 채집합니다. 재료를 다 모았다면 인벤토리에 액세스해 제작 창의 기본 카테고리에서 목재 곤봉을 찾으세요. 목재 곤봉을 제작합니다.,"Zbieraj drewno, atakując drzewa i krzewy. Gdy zdobędziesz wszystkie składniki, otwórz ekwipunek i zlokalizuj drewnianą maczugę w kategorii podstawowej okna rzemiosła. Wytwórz maczugę z drewna.","Ataque árvores ou arbustos para coletar madeira. Quando tiver os ingredientes, acesse o Inventário e ache o Porrete de Madeira na categoria Básico da janela Fabricação. Fabrique um Porrete de Madeira.","Собирайте древесину, воздействуя на деревья или кусты. Как только у вас будут все ингредиенты, откройте инвентарь и найдите деревянную дубинку в основной группе в окне изготовления. Изготовьте деревянную дубинку.",Ağaçlara veya çalılara saldırarak odun topla. Bileşenleri topladıktan sonra Envanter'e eriş ve Üretim penceresinin Temel Öğeler kategorisinde Tahta Sopa'yı bul. Tahta Sopa üret.,通过攻击树与灌木来获取植物木材。一旦你拥有了此类材料，打开背包然后在“制作”窗口的“基础”栏中找到木棒。制作一根木棒。,攻擊樹木或灌木來收集木材。當你有了材料，進入物品欄，在製作視窗的基本類別中找到木棍。製作木棍。,"Recolectar madera atacando árboles o arbustos. Cuando tengas los ingredientes, accede al inventario y localiza el garrote de madera en la categoría Básicos de la ventana de Creación. Fabrica un garrote de madera."
quest_BasicSurvival5_subtitle,Quest,Quest Info,,,,Craft Wooden Club,,Fertige einen Holzknüppel,Fabrica un garrote de madera.,Fabriquer une massue en bois,Crea una mazza di legno,木の棍棒をクラフトする,목재 곤봉 제작하기,Wytwórz maczugę z drewna.,Fabrique um Porrete de Madeira,Изготовить деревянную дубинку,Tahta Sopa Üret,制作一根木棒,製作木棍,Fabrica un garrote de madera.
quest_BasicSurvival6,Quest,Quest Info,,,,Wild West Survival 6/6,,Das 1x1 des Überlebens 6/6,Supervivencia básica 6/6,Les bases de la survie 6/6,Basi della sopravvivenza 6/6,生き残るための基礎知識 6/6,기본 생존 6/6,Podstawy przetrwania 6/6,Sobrevivência Básica 6/6,Основы выживания 6/6,Temel Hayatta Kalma 6/6,基础生存 6/6,基本生存 6/6,Supervivencia básica 6/6
quest_BasicSurvival6_description,Quest,Quest Info,,,,"Now that you have a melee weapon, you could use a ranged weapon. Gather wood, stone, plant fibers and feathers found in bird nests on the ground. Once you have the ingredients, access the Basics category of the Crafting window. Craft a Primitive Bow and Arrows.",,"Jetzt da du eine Nahkampfwaffe hast, könntest du auch eine Fernkampfwaffe gebrauchen. Sammle Holz, Steine, Pflanzenfasern und Federn von Vogelnestern auf dem Boden. Nachdem du die Materialien gesammelt hast, öffne die Kategorie „Grundlagen“ des Fertigungs-Fensters. Fertige einen primitiven Bogen und Pfeile.","Ahora que tienes un arma cuerpo a cuerpo, podrías usar un arma a distancia. Recolecta madera, piedras, fibras vegetales y plumas que se encuentran en los nidos de pájaros en el suelo. Cuando tengas los ingredientes, accede a la categoría Básicos de la ventana Creación. Fabrica un arco primitivo y flechas.","Maintenant que vous disposez d'une arme de mêlée, une arme de jet pourrait s'avérer utile. Récoltez du bois, de la pierre, des fibres végétales et des plumes trouvées dans les nids d'oiseau au sol. Une fois les composants acquis, accédez à la catégorie des compositions de base de la fenêtre de fabrication. Fabriquez un arc primitif et des flèches.","Ora che hai un'arma da mischia, potrebbe farti comodo un'arma a distanza. Raccogli legna, pietre, fibre vegetali e piume trovate nei nidi degli uccelli a terra. Una volta che hai gli ingredienti, accedi alla categoria di base della finestra di creazione. Crea arco e frecce rudimentali.",近接武器はもう持っているので、遠距離武器が必要です。木、石、植物の繊維、地面に落ちている鳥の巣から羽毛を集めましょう。素材が集まったら、クラフトウィンドウの基本カテゴリに移動します。原始的な弓矢をクラフトする。,"근거리 무기가 있으니 이제 원거리 무기도 사용할 수 있어야 합니다. 목재, 돌, 식물 섬유, 그리고 땅 위의 새 둥지에서 찾을 수 있는 깃털을 채집하세요. 재료를 다 모았다면 인벤토리에 액세스해 제작 창의 기본 카테고리를 찾으세요. 원시적 활과 화살을 제작하세요.","Masz już broń białą, teraz przydałoby ci się coś o większym zasięgu. Zbierz drewno, kamień, włókna roślinne i pióra znajdujące się w ptasich gniazdach na ziemi. Gdy zdobędziesz wszystkie składniki, otwórz kategorię „Podstawowe” w oknie wytwarzania. Wytwórz tam drewniany łuk i strzały.","Agora que você tem uma arma corpo a corpo, uma arma de longo alcance cairia bem. Colete madeira, pedras, fibras vegetais e penas em ninhos de pássaro no chão. Quando tiver os materiais, acesse a categoria Básico da janela Fabricação. Fabrique um arco primitivo e flechas.","У вас есть оружие ближнего боя, но вы можете использовать и оружие дальнего боя. Соберите древесину, камни, растительные волокна и перья из птичьего гнезда на земле. Как только у вас будут все ингредиенты, откройте инвентарь и выберите категорию «Основы» в окне изготовления. Изготовьте деревянный лук и стрелы.","Artık bir yakın dövüş silahın var. Menzilli bir silah da işine yarar. Odun, taş, bitki lifi ve yerdeki kuş yuvalarında bulabileceğin kuş tüyleri topla. Bileşenleri topladıktan sonra Üretim penceresindeki Temel Öğeler kategorisine eriş. İlkel Yay ve Ok üret.",既然你已经有了一个近战武器，你可以使用一个远程武器。从地上的鸟巢中收集木材、石头、植物纤维以及羽毛。一旦你拥有了此类材料，打开“制作”窗口内的“基础”栏。制作一把原始弓箭和箭矢。,現在你有了近戰武器，你可以使用遠程武器。收集在地上鳥巢中發現的木材、石頭、植物纖維和羽毛。當你有了材料，進入製作視窗的基本類別。製作原始弓和箭。,"Ahora que tienes un arma cuerpo a cuerpo, podrías usar un arma a distancia. Recolecta madera, piedras, fibras vegetales y plumas que se encuentran en los nidos de pájaros en el suelo. Cuando tengas los ingredientes, accede a la categoría Básicos de la ventana Creación. Fabrica un arco primitivo y flechas."
quest_BasicSurvival6_subtitle,Quest,Quest Info,,,,Craft Bow & Arrows,,Fertige einen Bogen und Pfeile,Fabrica un arco y flechas,Fabriquer un arc et des flèches,Crea arco e frecce,弓矢をクラフトする,활과 화살 제작하기,Wytwórz łuk i strzały,Fabrique um Arco de Madeira e Flechas,Изготовить лук и стрелы,Yay ve Ok Üret,制作木弓与箭矢,製作弓箭,Fabrica un arco y flechas

attintellect,progression,Attribute,,,,Brainz,,,,,,,,,,,,,
attIntellectDesc,progression,Attribute,,,,"Brainz is the measure of your mental ability. Increasing your Brainz improves head shot damage with Wild West Scrap Spitters, Cosh Spitters and Gatling Turrets.",,,,,,,,,,,,,
attIntellectName,progression,Attribute,,,,Attribute: Brainz,,,,,,,,,,,,,
attIntellectRank10LongDesc,progression,Attribute,,,,"You are a mastermind of Brainz. Deal 300% head shot damage and have a 50% chance to dismember with Wild West Scrap Spitters, Cosh Spitters, and Gatling Turrets.",,,,,,,,,,,,,
attIntellectRank1LongDesc,progression,Attribute,,,,"You have left your Brainz at your base, but can still deal 200% head shot damage and have a 5% chance to dismember with Wild West Scrap Spitters, Cosh Spitters, and Gatling Turrets.",,,,,,,,,,,,,
attIntellectRank2LongDesc,progression,Attribute,,,,"You aren't the brightest color in the box, but you can distinguish a rabbit from a chicken. Deal 210% head shot damage and have a 10% chance to dismember with Wild West Scrap Spitters, Cosh Spitters, and Gatling Turrets.",,,,,,,,,,,,,
attIntellectRank3LongDesc,progression,Attribute,,,,"Even dimwits have a bright idea once in a while. You can deal 220% head shot damage and have a 15% chance to dismember with Wild West Scrap Spitters, Cosh Spitters, and Gatling Turrets.",,,,,,,,,,,,,
attIntellectRank4LongDesc,progression,Attribute,,,,"You don't like to learn new stuff but you will if you have to. Deal 230% head shot damage and have a 20% chance to dismember with Wild West Scrap Spitters, Cosh Spitters, and Gatling Turrets.",,,,,,,,,,,,,
attIntellectRank5LongDesc,progression,Attribute,,,,"Being average is better than being below average. You can deal 240% head shot damage and have a 25% chance to dismember with Wild West Scrap Spitters, Cosh Spitters, and Gatling Turrets.",,,,,,,,,,,,,
attIntellectRank6LongDesc,progression,Attribute,,,,"You are now getting pretty smart. Smart enough to deal 250% head shot damage and have a 30% chance to dismember with Wild West Scrap Spitters, Cosh Spitters, and Gatling Turrets.",,,,,,,,,,,,,
attIntellectRank7LongDesc,progression,Attribute,,,,"Your peers consider you brilliant. Deal 260% head shot damage and have a 35% chance to dismember with Wild West Scrap Spitters, Cosh Spitters, and Gatling Turrets.",,,,,,,,,,,,,
attIntellectRank8LongDesc,progression,Attribute,,,,"Your Brainz are quite impressive. You can deal 270% head shot damage and have a 40% chance to dismember with Wild West Scrap Spitters, Cosh Spitters, and Gatling Turrets.",,,,,,,,,,,,,
attIntellectRank9LongDesc,progression,Attribute,,,,"You are now a true genius. Deal 285% head shot damage and have a 45% chance to dismember with Wild West Scrap Spitters, Cosh Spitters, and Gatling Turrets.",,,,,,,,,,,,,

craftingMachineGunsDesc,progression,Attribute,,,,Reading [DECEA3]Tactical Warfare[-] will increase the quality of crafted gatlings guns.\nBoost loot odds with [DECEA3]Gatling Gunner[-],,,,,,,,,,,,,
vehiclesT2,progression,Attribute,,,,Tier 2: Steam Velocipede,,,,,,,,,,,,,
vehiclesT4,progression,Attribute,,,,Tier 4: Steam Horse,,,,,,,,,,,,,
vehiclesT5,progression,Attribute,,,,Tier 5: Balloon,,,,,,,,,,,,,
craftingVehiclesDesc,progression,Attribute,,,,Reading [DECEA3]Vehicle Adventures[-] will unlock various tiers of vehicles.\nBoost loot odds with [DECEA3]Mechanic[-],,,,,,,,,,,,,
roboticsSkillMagazine,items,Robotics,,,,Spitter n Gatling Turret Inventor,,,,,,,,,,,,,
roboticsSkillMagazineDesc,items,Robotics,,,,"Learn to create scrap spitters, cosh spitters, and gatling turrets and be the envy of your peers!\n\nImproves scrap spitter, cosh spitter, and gatling turret crafting skill.",,,,,,,,,,,,,
craftingRoboticsDesc,progression,Attribute,,,,"Reading [DECEA3]Spitter n Gatling Turret Inventor[-] will increase the quality of scrap spitters, cosh spitters, and gatling turrets. Boost loot odds\nwith [DECEA3]Spitter n Gatling Turret Inventor[-]",,,,,,,,,,,,,
craftingRoboticsName,progression,Attribute,,,,Spitter n Gatling Turret Inventor,,,,,,,,,,,,,
explosivesT3-1,progression,Attribute,,,,Tier 3: Timed Dynamite (Ammo),,,,,,,,,,,,,
explosivesT3-3,progression,Attribute,,,,Tier 3: Kerosene Boom Barrel,,,,,,,,,,,,,

perkWasteTreasuresAcidDesc,progression,perk  book,,,,"Adds a chance to harvest acid from wagons and medical equipment.",,,,,,,,,,,,,
perkWasteTreasuresAcidLongDesc,progression,perk  book,,,,"Acid: Acid is an extremely rare and powerful crafting agent. I figured out this tip to sometimes harvest a little from wagons and medical equipment. Adds a chance to harvest acid from wagons, medical equipment and acid barrels.",,,,,,,,,,,,,
perkLuckyLooterDukesDesc,progression,perk  book,,,,"Find more liberty coints in loot.",,,,,,,,,,,,,
perkLuckyLooterDukesLongDesc,progression,perk  book,,,,"Liberty Coins: If you know where to look, you can find money just laying around. Find more liberty coins in loot.",,,,,,,,,,,,,

perkArcheryRank1Desc,progression,perk Agi,,,,Hunter,,,,,,,,,,,,,
perkArcheryRank1LongDesc,progression,perk Agi,,,,"Many start on the path of the supreme warrior but few can reach it. Deal 10% more damage, 10% faster aim, draw and reload with bows.\nFind more bows and parts in loot.",,,,,,,,,,,,,
perkArcheryRank2Desc,progression,perk Agi,,,,Good Hunter,,,,,,,,,,,,,
perkArcheryRank2LongDesc,progression,perk Agi,,,,"Your archery skills are improving. Deal 20% more damage, 20% faster aim, draw and reload with bows.\nFind more bows and parts in loot.",,,,,,,,,,,,,
perkArcheryRank3Desc,progression,perk Agi,,,,Warrior,,,,,,,,,,,,,
perkArcheryRank3LongDesc,progression,perk Agi,,,,"All the rigorous training has turned you into a warrior. Deal 30% more damage, 30% faster aim, draw and reload with bows.\nFind more bows and parts in loot.",,,,,,,,,,,,,
perkArcheryRank4Desc,progression,perk Agi,,,,Good Warrior,,,,,,,,,,,,,
perkArcheryRank4LongDesc,progression,perk Agi,,,,"Your archery skills allow you to flourish in battle and while hunting. Deal 40% more damage, 40% faster aim, draw and reload with bows.\nFind more bows and parts in loot.",,,,,,,,,,,,,
perkArcheryRank5Desc,progression,perk Agi,,,,Supreme Warrior,,,,,,,,,,,,,
perkArcheryRank5LongDesc,progression,perk Agi,,,,"You have mastered archery and are now a supreme warrior. Deal 50% more damage, 50% faster aim, draw and reload with bows.\nFind more bows and parts in loot.",,,,,,,,,,,,,
perkMasterChefRank2LongDesc,progression,perk Str,,,,"Don’t let good food go to waste!\nAdds a chance to find salvageable food in dumps.\nCook 60% faster.",,,,,,,,,,,,,
perkMiner69rRank1LongDesc,progression,perk Str,,,,"Everyone has to start somewhere. Increase tool damage by 10% and block damage by 30% with any axe, pick, shovel, or tomahawk.",,,,,,,,,,,,,
perkMiner69rRank2LongDesc,progression,perk Str,,,,"You are still a little green but you aren't fetching the muckmen blackstrap any more. Increase tool damage by 20% and block damage by 60% with any axe, pick, shovel, or tomahawk.",,,,,,,,,,,,,
perkMiner69rRank3LongDesc,progression,perk Str,,,,"You are now a professional miner or what they called muckmen back in the day. Increase tool damage by 30% and block damage by 90% with any axe, pick, shovel, or tomahawk.",,,,,,,,,,,,,
perkMiner69rRank4LongDesc,progression,perk Str,,,,"You can crack rock with the best of them now. Increase tool damage by 40% and block damage by 120% with any axe, pick, shovel, or tomahawk.",,,,,,,,,,,,,
perkMiner69rRank5LongDesc,progression,perk Str,,,,"You are the legendary Miner 69'r and can find the juicy center of any rock faster than a horny bullfrog. Increase damage by 50% and block damage by 150% with any axe, pick, shovel, or tomahawk.",,,,,,,,,,,,,
perkMotherLodeRank1LongDesc,progression,perk Str,,,,"You've found your first small vein and are envy of all the Johnny Newcomes.\nHarvest 20% more from ore, stone, terrain blocks and trees with any axe, pick, shovel, or tomahawk.",,,,,,,,,,,,,
perkMotherLodeRank2LongDesc,progression,perk Str,,,,"Finding more ore is starting to become second nature to you. Harvest 40% more from ore, stone, terrain blocks and trees with any axe, pick, shovel, or tomahawk.",,,,,,,,,,,,,
perkMotherLodeRank3LongDesc,progression,perk Str,,,,"You've hit your stride and can probably make a decent living at this. Harvest 60% more from ore, stone, terrain blocks and trees with any axe, pick, shovel, or tomahawk.",,,,,,,,,,,,,
perkMotherLodeRank4LongDesc,progression,perk Str,,,,"You are going to need an Irish baby buggy to carry all this ore. Harvest 80% more from ore, stone, terrain blocks and trees with any axe, pick, shovel, or tomahawk.",,,,,,,,,,,,,
perkMotherLodeRank5LongDesc,progression,perk Str,,,,"Mining is second nature to you and you find the mother lode everywhere you go. Harvest 100% more from ore, stone, terrain blocks and trees with any axe, pick, shovel, or tomahawk.",,,,,,,,,,,,,
perkPackMuleRank1LongDesc,progression,perk Str,,,,"Who has time to organize their stuff perfectly? Carry four more items without being encumbered.",,,,,,,,,,,,,
perkPackMuleRank2LongDesc,progression,perk Str,,,,"You know it's in there somewhere. Carry an additional four more items without being encumbered.",,,,,,,,,,,,,
perkPummelPeteDesc,progression,perk Str,,,,Specialize in knocking your foes senseless with clubs and kitchen tools.,,,,,,,,,,,,,
perkFlurryOfBlowsRank1LongDesc,progression,perk Agi,,,,"You have developed quick hands. One-handed melee attack speeds are increased by 10%.\n\nThis perk applies to clubs, brawling, knives, and machetes.",,,,,,,,,,,,,

perkGunslingerDesc,progression,perk Agi,,,,"Settle your disputes the Wild West way and be a gunslinger. Master the use of revolvers.",,,,,,,,,,,,,
perkGunslingerRank1LongDesc,progression,perk Agi,,,,"You're better than the average settler. Deal 10% more damage, 5% faster fire rate, and 15% faster reload with revolvers.",,,,,,,,,,,,,
perkGunslingerRank2LongDesc,progression,perk Agi,,,,"You are making a name for yourself, outlaw. Deal 20% more damage, 10% faster fire rate, and reload 30% faster with revolvers.",,,,,,,,,,,,,
perkGunslingerRank3LongDesc,progression,perk Agi,,,,"You can keep most situations under control, sheriff. Deal 30% more damage, 15% faster fire rate, and reload 45% faster. Critical Damage: 5 successive hits in a short time cause critical damage.",,,,,,,,,,,,,
perkGunslingerRank4LongDesc,progression,perk Agi,,,,"You're now a gunfighter and can clear out a saloon full of rowdy bastards at the drop of a hat. Deal 40% more damage, 20% faster fire rate, and reload 60% faster. Critical Damage: 4 successive hits in a short time cause the last shot to do 100% extra damage.",,,,,,,,,,,,,
perkGunslingerRank5LongDesc,progression,perk Agi,,,,"You are the fastest gunslinger in the Wild West. Deal 50% more damage, 25% faster fire rate, and 75% faster reload with revolvers. Critical Damage: 3 successive hits in a short time cause the last shot to do 100% extra damage.",,,,,,,,,,,,,
perkMachineGunnerDesc,progression,perk For,,,,"Become a gatling gunner using the Gatling Prototype to slay your foes.",,,,,,,,,,,,,
perkMachineGunnerName,progression,perk For,,,,Gatling Gunner,,,,,,,,,,,,,
perkMachineGunnerRank1Desc,progression,perk For,,,,Gatling Grunt,,,,,,,,,,,,,
perkMachineGunnerRank1LongDesc,progression,perk For,,,,"Spray and Pray is your thing. Deal 10% more damage, 5% faster fire rate and 10% faster reload.",,,,,,,,,,,,,
perkMachineGunnerRank2Desc,progression,perk For,,,,Gatling Guerrilla,,,,,,,,,,,,,
perkMachineGunnerRank2LongDesc,progression,perk For,,,,"You are no commando, but you do what it takes to get the job done. Deal 20% more damage, 10% faster fire rate and 15% faster reload.",,,,,,,,,,,,,
perkMachineGunnerRank3Desc,progression,perk For,,,,Gatling Soldier,,,,,,,,,,,,,
perkMachineGunnerRank3LongDesc,progression,perk For,,,,"Unlock the Gatling Prototype. All the combat has sharpened your skills and you are now a soldier. Deal 30% more damage, 15% faster fire rate and reload 20% faster. Commando Adrenaline: Each shot scored with the gatling prototype gun gives you 2 stamina.",,,,,,,,,,,,,
perkMachineGunnerRank4Desc,progression,perk For,,,,Gatling Special Forces,,,,,,,,,,,,,
perkMachineGunnerRank4LongDesc,progression,perk For,,,,"Your skill now matches the special forces. Deal 40% more damage, 20% faster fire rate and reload 25% faster. Commando Adrenaline: Each shot scored with the gatling prototype gun gives you 4 stamina.",,,,,,,,,,,,,
perkMachineGunnerRank5Desc,progression,perk For,,,,Ultimate Gatling Gunner,,,,,,,,,,,,,
perkMachineGunnerRank5LongDesc,progression,perk For,,,,"You are now the ultimate gatling gunner. Deal 50% more damage, 25% faster fire rate and reload 30% faster. Commando Adrenaline: Each shot scored with the gatling prototype gun gives you 6 stamina.",,,,,,,,,,,,,
perkRuleOneCardioName,progression,perk For,,,,Fit as a Horse,,,,,,,,,,,,,
perkRuleOneCardioNameRank1Desc,progression,perk For,,,,Jog,,,,,,,,,,,,,
perkRuleOneCardioNameRank2Desc,progression,perk For,,,,Trot,,,,,,,,,,,,,
perkRuleOneCardioNameRank3Desc,progression,perk For,,,,Lope,,,,,,,,,,,,,
perkRuleOneCardioNameRank4Desc,progression,perk For,,,,Canter,,,,,,,,,,,,,
perkRuleOneCardioNameRank5Desc,progression,perk For,,,,Gallop,,,,,,,,,,,,,
perkDaringAdventurerRank1LongDesc,progression,perk Int,,,,"Risking your neck every day has its advantages.\nGain access to better trader items and get 5% more Liberty coins.",,,,,,,,,,,,,
perkDaringAdventurerRank2LongDesc,progression,perk Int,,,,"The traders know you can get the job done, plunderer.\nGain access to even better trader items and get 10% more Liberty coins.",,,,,,,,,,,,,
perkDaringAdventurerRank3LongDesc,progression,perk Int,,,,"You've made a name for yourself as a mercenary for hire.\nGain access to better trader items and get 15% more Liberty coins.",,,,,,,,,,,,,
perkDaringAdventurerRank4LongDesc,progression,perk Int,,,,"You are the daring adventurer!\nGain access to better trader items and get 20% more Liberty coins.\nPick two quest rewards for your daring efforts.",,,,,,,,,,,,,
perkAdvancedEngineeringRank1LongDesc,progression,perk Int,,,,"You are now out of the stone age and an apprentice Engineer!\nItems craft 20% faster at the forge.\nCraft glue cheaper.",,,,,,,,,,,,,
perkAdvancedEngineeringRank2LongDesc,progression,perk Int,,,,"The long hours tinkering on projects is starting to pay dividends!\nItems craft 20% faster at workbenches and cement mixers.",,,,,,,,,,,,,
perkAdvancedEngineeringRank3LongDesc,progression,perk Int,,,,"You really know your way around the workshop and can build about anything you set your mind to!\nAll forge recipes cost 10% less, crafting Forged Steel costs 15% less.",,,,,,,,,,,,,
perkAdvancedEngineeringRank4LongDesc,progression,perk Int,,,,"You are the da Vinci of the Wild West with all your amazing inventions!\nAll forge recipes cost 15% less, crafting Forged Steel costs 25% less.",,,,,,,,,,,,,
perkAdvancedEngineeringRank5LongDesc,progression,perk Int,,,,"You are now an Advanced Engineer and would make MacDyver jealous.\nAll forge recipes cost 20% less, crafting Forged Steel costs 35% less.",,,,,,,,,,,,,
perkGreaseMonkeyDesc,progression,perk Int,,,,"Learn to build bicycles, and other items in the Wild West. Once you get good at that, the sky's the limit.",,,,,,,,,,,,,
perkGreaseMonkeyName,progression,perk Int,,,,Mechanic,,,,,,,,,,,,,
perkGreaseMonkeyRank1Desc,progression,perk Int,,,,Two Wheeler Dealer,,,,,,,,,,,,,
perkGreaseMonkeyRank1LongDesc,progression,perk Int,,,,"Your passion to tinker and not walk everywhere has led you on the path of the bicycle mechanic. Craft wheels and bicycle parts 33% cheaper.\nRepair kits are 10 percent more effective on vehicles.",,,,,,,,,,,,,
perkGreaseMonkeyRank2Desc,progression,perk Int,,,,Kerosene Kid,,,,,,,,,,,,,
perkGreaseMonkeyRank2LongDesc,progression,perk Int,,,,"Repair kits are 20 percent more effective on vehicles.",,,,,,,,,,,,,
perkGreaseMonkeyRank3Desc,progression,perk Int,,,,Steamroller,,,,,,,,,,,,,
perkGreaseMonkeyRank3LongDesc,progression,perk Int,,,,"Repair kits are 30 percent more effective on vehicles.",,,,,,,,,,,,,
perkGreaseMonkeyRank4Desc,progression,perk Int,,,,Track Stacker,,,,,,,,,,,,,
perkGreaseMonkeyRank4LongDesc,progression,perk Int,,,,"Repair kits are 40 percent more effective on vehicles.",,,,,,,,,,,,,
perkGreaseMonkeyRank5Desc,progression,perk Int,,,,"Up, Up, and Away!",,,,,,,,,,,,,
perkGreaseMonkeyRank5LongDesc,progression,perk Int,,,,"Repair kits are 50 percent more effective on vehicles.",,,,,,,,,,,,,
perkPhysicianRank4LongDesc,progression,perk Int,,,,"Your medical knowledge makes removing limbs a breeze!",,,,,,,,,,,,,
perkPhysicianRank5LongDesc,progression,perk Int,,,,"Use your knowledge of medicine to save lives, or end them.",,,,,,,,,,,,,
perkTurretsDesc,progression,perk Int,,,,"You are fascinated with experimental mechanisms. Learn to use Wild West Scrap Spitters, Cosh Spitters, and Gatling Turrets.",,,,,,,,,,,,,
perkTurretsName,progression,perk Int,,,,Great Gatspit Inventor,,,,,,,,,,,,,
perkTurretsRank1Desc,progression,perk Int,,,,Basic Gatspit,,,,,,,,,,,,,
perkTurretsRank1LongDesc,progression,perk Int,,,,"You have some crazy innovative ideas but your implementation could use some work. Deal 10% more damage, 30% faster fire rate and reload an extra 10 rounds. Wild West Scrap Spitters' and Gatling Turrets' active range is increased from 10 to 14 meters.\nYou can deploy multiple Wild West Scrap Spitters or Gatling Turrets but only the closest will be active. Cosh Spitters do what they do but better.",,,,,,,,,,,,,
perkTurretsRank2Desc,progression,perk Int,,,,Gatspit Habit,,,,,,,,,,,,,
perkTurretsRank2LongDesc,progression,perk Int,,,,"You are taking your projects to the next level now. Deal 20% more damage, 60% faster fire rate and reload an extra 20 rounds. Wild West Scrap Spitters' and Gatling Turrets' active range is 15 meters. Cosh Spitters are charging ahead.",,,,,,,,,,,,,
perkTurretsRank3Desc,progression,perk Int,,,,Gatspit Upgrades,,,,,,,,,,,,,
perkTurretsRank3LongDesc,progression,perk Int,,,,"You have mastered the basics of gyroscopics. Deal 30% more damage, 90% faster fire rate and reload an extra 30 rounds. Wild West Scrap Spitters' and Gatling Turrets' active range is 16 meters. Cosh Spitters are sizzling.",,,,,,,,,,,,,
perkTurretsRank4Desc,progression,perk Int,,,,Gatspitter,,,,,,,,,,,,,
perkTurretsRank4LongDesc,progression,perk Int,,,,"You must be from the year 1955. You are creating some futuristic technology. Deal 40% more damage, 120% faster fire rate and reload an extra 40 rounds. Reload Wild West Scrap Spitter and Gatling Turret weapons 10% faster. Wild West Scrap Spitters' and Gatling Turrets' active range is 17 meters. Cosh Spitters are super charged.",,,,,,,,,,,,,
perkTurretsRank5Desc,progression,perk Int,,,,Great Gatspit,,,,,,,,,,,,,
perkTurretsRank5LongDesc,progression,perk Int,,,,"You are now a top expert in Wild West Scrap Spitters and Gatling Turrets. Reload 20% faster and reload an extra 50 rounds. Wild West Scrap Spitters' and Gatling Turrets' active range is 18 meters.\nTwo deployed Wild West Scrap Spitters or Gatling Turrets can be active at once. Cosh Spitters are like lightning.",,,,,,,,,,,,,
perkFlurryOfIntellectDesc,progression,perk Int,,,,"Use your brainz to determine the shortest trajectory to the target and effectively increase your attack speed with cosh spitters!",,,,,,,,,,,,,
perkFlurryOfIntellectName,progression,perk Int,,,,Calculated Attack,,,,,,,,,,,,,
perkFlurryOfIntellectRank1Desc,progression,perk Int,,,,Finger Counting,,,,,,,,,,,,,
perkFlurryOfIntellectRank1LongDesc,progression,perk Int,,,,"It's as simple as basic math.\nAttack speeds with cosh spitters are 10% faster.",,,,,,,,,,,,,
perkFlurryOfIntellectRank2Desc,progression,perk Int,,,,Adds Up,,,,,,,,,,,,,
perkFlurryOfIntellectRank2LongDesc,progression,perk Int,,,,"You see even quicker routes to success.\nAttack speeds with cosh spitters are 17% faster.",,,,,,,,,,,,,
perkFlurryOfIntellectRank3Desc,progression,perk Int,,,,Number Cruncher,,,,,,,,,,,,,
perkFlurryOfIntellectRank3LongDesc,progression,perk Int,,,,"You see the outcome before it happens and use your enemies movements against them.\nAttack speeds with cosh spitters are 25% faster.",,,,,,,,,,,,,
perkWildWestExperienceDesc,progression,perk Int,,,,This skill allows players to hone their skills at a quicker rate as XP is gained faster.,,,,,,,,,,,,,
perkWildWestExperienceName,progression,perk Int,,,,Wild West Experience,,,,,,,,,,,,,
perkWildWestExperienceRank1Desc,progression,perk Int,,,,Keen Eye,,,,,,,,,,,,,
perkWildWestExperienceRank1LongDesc,progression,perk Int,,,,"Observe your peers and pick things up quicker than usual. Gain +20% XP.",,,,,,,,,,,,,
perkWildWestExperienceRank2Desc,progression,perk Int,,,,Apprentice,,,,,,,,,,,,,
perkWildWestExperienceRank2LongDesc,progression,perk Int,,,,"A kindly old hermit shows you the ropes. Gain +40% XP.",,,,,,,,,,,,,
perkWildWestExperienceRank3Desc,progression,perk Int,,,,Grafter Crafter,,,,,,,,,,,,,
perkWildWestExperienceRank3LongDesc,progression,perk Int,,,,"Years of practice makes new skills come easier to you. Gain +60% XP.",,,,,,,,,,,,,
perkWildWestExperienceRank4Desc,progression,perk Int,,,,Skilled Settler,,,,,,,,,,,,,
perkWildWestExperienceRank4LongDesc,progression,perk Int,,,,"Everything you touch can be put to good use. Gain +80% XP.",,,,,,,,,,,,,
perkWildWestExperienceRank5Desc,progression,perk Int,,,,Legendary Innovator,,,,,,,,,,,,,
perkWildWestExperienceRank5LongDesc,progression,perk Int,,,,"Your experience is of great benefit to the community. Gain +100% XP.",,,,,,,,,,,,,
perkLockPickingName,progression,perk Per,,,,Wild West Lock Picking,,,,,,,,,,,,,
perkLockPickingRank1Desc,progression,perk Per,,,,Apple Picker,,,,,,,,,,,,,
perkLockPickingRank1LongDesc,progression,perk Per,,,,"Apple Picker! You are starting to get the basics, for the most part, but would do just as well down on the ranch orchard. You can pick locks a little faster and have a 25% lower chance to break lockpicks.",,,,,,,,,,,,,
perkLockPickingRank2Desc,progression,perk Per,,,,Slick Locksmith,,,,,,,,,,,,,
perkLockPickingRank2LongDesc,progression,perk Per,,,,"You are now a slick locksmith and few locks will keep you out, with perseverance. You can pick locks faster and have a 50% lower chance to break lockpicks.",,,,,,,,,,,,,
perkLockPickingRank3Desc,progression,perk Per,,,,Master Locksmith,,,,,,,,,,,,,
perkLockPickingRank3LongDesc,progression,perk Per,,,,"You are now a world class master lock picker. Banks far and wide shiver at your name. Pick locks much faster and have a 75% lower chance to break lockpicks.",,,,,,,,,,,,,
perkSalvageOperationsDesc,progression,perk Per,,,,"Waste not, want not! Salvage items for more resources with a wrench or ratchet.",,,,,,,,,,,,,
perkSalvageOperationsRank1LongDesc,progression,perk Per,,,,"Who knows what useful items can be found when tearing things apart? Salvage tools deal 10% more damage, harvest 20% faster, and gain 20% more resources with a wrench or ratchet. Stamina costs are reduced by 8% and 15% for power attacks. Find more salvage tools and parts in loot.",,,,,,,,,,,,,
perkSalvageOperationsRank2LongDesc,progression,perk Per,,,,"Most people call you “Scavver”, but at least it's an honest living. Salvage tools deal 20% more damage, harvest 40% faster, and gain 40% more resources with a wrench or ratchet. Stamina costs are reduced by 15% and 30% for power attacks. Find more salvage tools and parts in loot.",,,,,,,,,,,,,
perkSalvageOperationsRank3LongDesc,progression,perk Per,,,,"You have a knack for salvaging more useful parts than the average scrapper. Salvage tools deal 30% more damage, harvest 60% faster, and gain 60% more resources with a wrench or ratchet. Stamina costs are reduced by 20% and 40% for power attacks. Find more salvage tools and parts in loot.",,,,,,,,,,,,,
perkSalvageOperationsRank4LongDesc,progression,perk Per,,,,"Your ability to gather salvaged parts is remarkable. Salvage tools deal 40% more damage, harvest 80% faster, and gain 80% more resources with a wrench or ratchet. Stamina costs are reduced by 25% and 50% for power attacks. Find more salvage tools and parts in loot.",,,,,,,,,,,,,
perkSalvageOperationsRank5LongDesc,progression,perk Per,,,,"You're king of the junk dealers and envy of the grease monkeys of the apocalypse. Salvage tools deal 50% more damage, harvest 100% faster, and gain 100% more resources with a wrench or ratchet. Find more salvage tools and parts in loot.",,,,,,,,,,,,,
perkBoomstickRank1LongDesc,progression,perk Str,,,,"Maybe your aim isn't so good or you just like doing a lot of damage up close and personal. Either way a hobo with a shotgun is not to be messed with. Deal 10% more damage, 10% faster fire rate, and 20% faster reload. Stun enemies for 6 seconds.\nIncreases chance to dismember by 5%.",,,,,,,,,,,,,
perkBoomstickRank2LongDesc,progression,perk Str,,,,"Roaming the wastelands as a nomad have improved your abilities with shotguns. Deal 20% more damage, 20% faster fire rate, and 30% faster reload.\nIncreases chance to dismember by 10%.",,,,,,,,,,,,,
perkBoomstickRank3LongDesc,progression,perk Str,,,,"If shotgun meets were still a thing, you'd be hitting those clay ducks and be considered a shotgun pro. Deal 30% more damage, 30% faster fire rate, and 40% faster reload. Stun enemies for 8 seconds.",,,,,,,,,,,,,
perkBoomstickRank4LongDesc,progression,perk Str,,,,"You are now very deadly with a shotgun and considered a shotgun master and master of the shotgun. Deal 40% more damage, 40% faster fire rate, and 50% faster reload.",,,,,,,,,,,,,
perkBoomstickRank5LongDesc,progression,perk Str,,,,"You've ascended to the legendary status of Shotgun Messiah, as you are the last thing they see before meeting their maker. Deal 50% more damage, 50% faster fire rate, and a 60% faster reload.\nLegs shots cripple opponents.",,,,,,,,,,,,,
perkSkullCrusherDesc,progression,perk Str,,,,"Specialize in destroying enemies and structures with Sledgehammers, Blacksmith's hammers, and Railroad pin hammers.",,,,,,,,,,,,,
reqIntellectLevel01,progression,Attribute,,,,Brainz Level 1,,,,,,,,,,,,,
reqIntellectLevel02,progression,Attribute,,,,Brainz Level 2,,,,,,,,,,,,,
reqIntellectLevel03,progression,Attribute,,,,Brainz Level 3,,,,,,,,,,,,,
reqIntellectLevel04,progression,Attribute,,,,Brainz Level 4,,,,,,,,,,,,,
reqIntellectLevel05,progression,Attribute,,,,Brainz Level 5,,,,,,,,,,,,,
reqIntellectLevel06,progression,Attribute,,,,Brainz Level 6,,,,,,,,,,,,,
reqIntellectLevel07,progression,Attribute,,,,Brainz Level 7,,,,,,,,,,,,,
reqIntellectLevel08,progression,Attribute,,,,Brainz Level 8,,,,,,,,,,,,,
reqIntellectLevel09,progression,Attribute,,,,Brainz Level 9,,,,,,,,,,,,,
reqIntellectLevel10,progression,Attribute,,,,Brainz Level 10,,,,,,,,,,,,,
harvestToolsCrystalSteel,progression,Attribute,,,,Crystal Steel Tools,,Werkzeuge aus Kristallstahl,Herramientas de acero Crystal,Herramientas de acero Crystal,Strumenti in acciaio cristallino,結晶鉄鋼製ツール,크리스탈 스틸 도구,Narzędzia Crystal Steel,Ferramentas de aço cristal,Инструменты из кристальной стали,Kristal Çelik Aletler,晶钢工具,晶鋼工具

perkPerceptionMasteryRank1LongDesc,progression,perk Per,,,,"Harvest liberty coins and continental banknotes from cushioned seating, beds, suitcases, and clothing piles.",,,,,,,,,,,,,
perkPerceptionMasteryRank2LongDesc,progression,perk Per,,,,"Harvest steel from wagons and gun safes.",,,,,,,,,,,,,
perkJunkMinerRank1LongDesc,progression,perk Str,,,,"Gain 20% more resources from mining junk such as cloth.",,,,,,,,,,,,,
perkJunkMinerRank2LongDesc,progression,perk Str,,,,"Gain 40% more resources from mining junk such as cloth.",,,,,,,,,,,,,
perkJunkMinerRank3LongDesc,progression,perk Str,,,,"Gain 60% more resources from mining junk such as cloth.",,,,,,,,,,,,,
perkJunkMinerRank4LongDesc,progression,perk Str,,,,"Gain 80% more resources from mining junk such as cloth.",,,,,,,,,,,,,
perkJunkMinerRank5LongDesc,progression,perk Str,,,,"Gain 100% more resources from mining junk such as cloth.",,,,,,,,,,,,,
perkIntellectMasteryRank4LongDesc,progression,perk Int,,,,Cosh Spitters only take 2 hits to charge.,,,,,,,,,,,,,
perkIntellectMasteryRank5Desc,progression,perk Int,,,,Cosh Spitter Master,,,,,,,,,,,,,
perkIntellectMasteryRank5LongDesc,progression,perk Int,,,,Cosh Spitter charge is always ready.,,,,,,,,,,,,,

zombieBiker,entityclasses,Entity,,,,Gambler,,,,,,,,,,,,,
zombieBikerCharged,entityclasses,Entity,,,,Charged Gambler,,,,,,,,,,,,,
zombieBikerFeral,entityclasses,Entity,,,,Feral Gambler,,,,,,,,,,,,,
zombieBikerInfernal,entityclasses,Entity,,,,Infernal Gambler,,,,,,,,,,,,,
zombieBikerRadiated,entityclasses,Entity,,,,Radiated Gambler,,,,,,,,,,,,,
zombieFatCop,entityclasses,Entity,,,,Sheriff,,,,,,,,,,,,,
zombieFatCopCharged,entityclasses,Entity,,,,Charged Sheriff,,,,,,,,,,,,,
zombieFatCopFeral,entityclasses,Entity,,,,Feral Sheriff,,,,,,,,,,,,,
zombieFatCopInfernal,entityclasses,Entity,,,,Infernal Sheriff,,,,,,,,,,,,,
zombieFatCopRadiated,entityclasses,Entity,,,,Radiated Sheriff,,,,,,,,,,,,,
zombieLab,entityclasses,Entity,,,,Apothecary Medusa,,,,,,,,,,,,,
zombieLabCharged,entityclasses,Entity,,,,Charged Apothecary Medusa,,,,,,,,,,,,,
zombieLabFeral,entityclasses,Entity,,,,Feral Apothecary Medusa,,,,,,,,,,,,,
zombieLabInfernal,entityclasses,Entity,,,,Infernal Apothecary Medusa,,,,,,,,,,,,,
zombieLabRadiated,entityclasses,Entity,,,,Radiated Apothecary Medusa,,,,,,,,,,,,,
zombiePartyGirl,entityclasses,Entity,,,,Saloon Owner Tabby,,,,,,,,,,,,,
zombiePartyGirlCharged,entityclasses,Entity,,,,Charged Saloon Owner Christy,,,,,,,,,,,,,
zombiePartyGirlFeral,entityclasses,Entity,,,,Feral Saloon Owner Peggy,,,,,,,,,,,,,
zombiePartyGirlInfernal,entityclasses,Entity,,,,Infernal Saloon Owner,,,,,,,,,,,,,
zombiePartyGirlRadiated,entityclasses,Entity,,,,Radiated Saloon Owner Shots,,,,,,,,,,,,,
animalHorseKiller,entityclasses,Entity,,,,Zombie Horse,,,,,,,,,,,,,
animalZombieFeralChicken,entityclasses,Entity,,,,Feral Zombie Chicken,,,,,,,,,,,,,
animalBisonBear,entityclasses,Entity,,,,Bison (Territorial Grazer),,,,,,,,,,,,,
animalBisonZombieBear,entityclasses,Entity,,,,Zombie Bison (Territorial Grazer),,,,,,,,,,,,,
animalBisonBoar,entityclasses,Entity,,,,Bison (Peaceful Grazer),,,,,,,,,,,,,
animalSmallBat,entityclasses,Entity,,,,Small Bat,,,,,,,,,,,,,
animalScorpion,entityclasses,Entity,,,,Scorpion,,,,,,,,,,,,,
animalZombieLargeVulture,entityclasses,Entity,,,,Large Zombie Vulture,,,,,,,,,,,,,
zombieMolotovSoldierFeral,entityclasses,Entity,,,,Feral Molotov Soldier,,,,,,,,,,,,,
zombieSpiderFeralFireGlider,entityclasses,Entity,,,,Feral Fire Spider Glider,,,,,,,,,,,,,
guppyVultureBurnt,entityclasses,Entity,,,,Crispy,,,,,,,,,,,,,
guppyMommaVultureBurnt,entityclasses,Entity,,,,Momma Crispy,,,,,,,,,,,,,
guppyRadiatedMommaVultureBurnt,entityclasses,Entity,,,,Radiated Momma Crispy,,,,,,,,,,,,,
guppyRadiatedFireMommaVultureBurnt,entityclasses,Entity,,,,Radiated Fire Momma Crispy,,,,,,,,,,,,,
zombieGrinBomb,entityclasses,Entity,,,,Grin Bomber,,,,,,,,,,,,,															  
zombieWendigoRadiatedShower,entityclasses,Entity,,,,Radiated Shower Wendigo,,,,,,,,,,,,,
zombieDemolition,entityclasses,Entity,,,,Destructive Wendigo,,,,,,,,,,,,,
SnowWendigo,entityclasses,Entity,,,,Infected Settlers,,,,,,,,,,,,,
zombieTheRat,entityclasses,Entity,,,,Mutant Rat,,,,,,,,,,,,,
zombieTheRatFeral,entityclasses,Entity,,,,Feral Mutant Rat,,,,,,,,,,,,,
zombieTheRatRadiated,entityclasses,Entity,,,,Radiated Mutant Rat,,,,,,,,,,,,,
zombieRatPet,entityclasses,Entity,,,,Mutant Pet Rat,,,,,,,,,,,,,
zombieRatPetFeral,entityclasses,Entity,,,,Feral Mutant Pet Rat,,,,,,,,,,,,,
zombieRatPetRadiated,entityclasses,Entity,,,,Radiated Mutant Pet Rat,,,,,,,,,,,,,
zombieNurse,entityclasses,Entity,,,,Michaela,,,,,,,,,,,,,
zombieNurseFeral,entityclasses,Entity,,,,Feral Michaela,,,,,,,,,,,,,
zombieNurseRadiated,entityclasses,Entity,,,,Radiated Michaela,,,,,,,,,,,,,
zombieUtilityWorker,entityclasses,Entity,,,,The Gambler,,,,,,,,,,,,,
zombieUtilityWorkerFeral,entityclasses,Entity,,,,The Feral Gambler,,,,,,,,,,,,,
zombieUtilityWorkerRadiated,entityclasses,Entity,,,,The Radiated Gambler,,,,,,,,,,,,,
zombieMutated,entityclasses,Entity,,,,Mutated Soldier,,,,,,,,,,,,,
zombieMutatedFeral,entityclasses,Entity,,,,Feral Mutated Soldier,,,,,,,,,,,,,
zombieMutatedRadiated,entityclasses,Entity,,,,Radiated Mutated Soldier,,,,,,,,,,,,,
zombieFemaleFatBarker,entityclasses,Entity,,,,Mama Barker,,,,,,,,,,,,,
zombieFemaleBigFatBarker,entityclasses,Entity,,,,Big Mama Barker,,,,,,,,,,,,,
zombieWightFeralGunslinger,entityclasses,Entity,,,,Feral Gunslinger Wight,,,,,,,,,,,,,
zombieWightRadiatedGunslinger,entityclasses,Entity,,,,Radiated Gunslinger Wight,,,,,,,,,,,,,
zombieWightChargedGunslinger,entityclasses,Entity,,,,Charged Gunslinger Wight,,,,,,,,,,,,,
zombieWightInfernalGunslinger,entityclasses,Entity,,,,Infernal Gunslinger Wight,,,,,,,,,,,,,
zombieBusinessManRadiatedGunslinger,entityclasses,Entity,,,,Monsignor,,,,,,,,,,,,,
zombieBusinessManChargedGunslinger,entityclasses,Entity,,,,Charged Monsignor,,,,,,,,,,,,,
zombieBusinessManInfernalGunslinger,entityclasses,Entity,,,,Infernal Monsignor,,,,,,,,,,,,,
zombieLumberjackRadiatedAxe,entityclasses,Entity,,,,Texas Red,,,,,,,,,,,,,
zombieLumberjackInfernalAxe,entityclasses,Entity,,,,Infernal Texas Red,,,,,,,,,,,,,
zombieSkateboarderUndertakerRadiated,entityclasses,Entity,,,,The Undertaker,,,,,,,,,,,,,
zombieOakBigFoot,entityclasses,Entity,,,,Oak Big Foot,,,,,,,,,,,,,
zombieOakBigFootSnow,entityclasses,Entity,,,,Snow Oak Big Foot,,,,,,,,,,,,,
zombieOakBigFootCharged,entityclasses,Entity,,,,Charged Oak Big Foot,,,,,,,,,,,,,
zombieOakBigFootInfernal,entityclasses,Entity,,,,Infernal Oak Big Foot,,,,,,,,,,,,,
zombieMiniRancher,entityclasses,Entity,,,,Mini Rancher,,,,,,,,,,,,,
zombieMiniRancherCharged,entityclasses,Entity,,,,Mini Charged Rancher,,,,,,,,,,,,,
zombieMiniRancherFeral,entityclasses,Entity,,,,Mini Feral Rancher,,,,,,,,,,,,,
zombieMiniRancherInfernal,entityclasses,Entity,,,,Mini Infernal Rancher,,,,,,,,,,,,,
zombieMiniRancherRadiated,entityclasses,Entity,,,,Mini Radiated Rancher,,,,,,,,,,,,,
zombieBlueCrystalWendigo,entityclasses,Entity,,,,Blue Crystal Wendigo,,,,,,,,,,,,,
zombieGreenCrystalWendigo,entityclasses,Entity,,,,Green Crystal Wendigo,,,,,,,,,,,,,
zombieBlackCrystalWendigo,entityclasses,Entity,,,,Black Crystal Wendigo,,,,,,,,,,,,,
animalZombieMiniPlasmaVulture,entityclasses,Entity,,,,Mini Plasma Vulture,,,,,,,,,,,,,
zombieMiniSpiderFeralFireGlider,entityclasses,Entity,,,,Mini Feral Fire Spider Glider,,,,,,,,,,,,,
zombieScreamerBossRadiatedSpitter,entityclasses,Entity,,,,Radiated Screamer Pet Spitter,,,,,,,,,,,,,
zombieWWMZombies,entityclasses,Entity,,,,Zombies,,,,,,,,,,,,,
zombieWWMSoldierZombies,entityclasses,Entity,,,,Toy Soldiers,,,,,,,,,,,,,

animalChicken,entityclasses,Entity,,,,Feral Chicken,,,,,,,,,,,,,
sc_General,entityclasses,Entity,,,,Balloon Crate,,,,,,,,,,,,,
animalZombieWastelandCraterBear,entityclasses,Entity,,,,Zombie Crater Bear,,,,,,,,,,,,,
sleeperZombieWastelandCraterBearAnimal,blocks,SleeperSpawn,,,,Sleeper Zombie Crater Bear,,,,,,,,,,,,,
resourceZombieWastelandCraterBearTooth,items,item,,,,Zombie Crater Bear Tooth,,,,,,,,,,,,,
resourceZombieWastelandCraterBearToothDesc,items,item,,,,"This tooth can be used as a trigger for the Gatling Protype. It is the only object to have both the strength and flexibility to withstand the vibrations of a Gatling Protoype in rapid fire mode. It is also used to repair the Gatling Protoype.",,,,,,,,,,,,,
resourceStagAntler,items,item,,,,Stag Antler,,,,,,,,,,,,,
resourceStagAntlerDesc,items,item,,,,"This antler can be used as part of a recipe for the Antler Bow Handle Grip Mod and Antler Reload Mod.",,,,,,,,,,,,,
animalDesertHare,entityclasses,Entity,,,,Desert Hare,,,,,,,,,,,,,
resourceDesertHarePelt,items,item,,,,Desert Hare Hat,,,,,,,,,,,,,
resourceDesertHarePeltDesc,items,item,,,,"This pelt can be used as insulation clothing for the head or as part of a recipe. It increases resistance to the cold and heat up to +7.",,,,,,,,,,,,,
animalSnowHare,entityclasses,Entity,,,,Snow Hare,,,,,,,,,,,,,
resourceSnowHarePelt,items,item,,,,Snow Hare Socks,,,,,,,,,,,,,
resourceSnowHarePeltDesc,items,item,,,,"This pelt can be used as insulation clothing for the feet or as part of a recipe. It increases resistance to the cold and heat up to +7.",,,,,,,,,,,,,
animalWildWestSnowBear,entityclasses,Entity,,,,Snow Bear,,,,,,,,,,,,,
resourceCatfish,items,item,,,,Catfish,,,,,,,,,,,,,
resourceCatfishDesc,items,item,,,,"Catch a Catfish from a Fish Trap.",,,,,,,,,,,,,
resourceSeasonedWoodLogs,items,Item,,,,Wood Logs (Seasoned),,,,,,,,,,,,,
resourceSeasonedWoodLogsDesc,items,Item,,,,"Seasoned Wood Logs have a longer burn time than regular Wood Logs.",,,,,,,,,,,,,
vehiclePlaceableGroupDesc,vehicles,item,,,,"Horses are obtained from the trader and increase in performace abilities with higher tiers.\n\nThe Steam Horse, and other mechanical vehicles are craftable at a workbench.",,,,,,,,,,,,,
vehicleSteamVelocipede,entityclasses,Entity,,,,Steam Velocipede,,,,,,,,,,,,,
vehicleSteamVelocipedePlaceable,vehicles,vehicle,,,,Steam Velocipede,,,,,,,,,,,,,
vehicleSteamHorsePlaceableDesc,vehicles,vehicle,,,,"A steam propelled road vehicle that requires constant top ups of kerosene to maintain pressure.",,,,,,,,,,,,,
vehicleSteamHorse,entityclasses,Entity,,,,Steam Horse,,,,,,,,,,,,,
vehicleSteamHorsePlaceable,vehicles,vehicle,,,,Steam Horse,,,,,,,,,,,,,
vehicleSteamHorsePlaceableDesc,vehicles,vehicle,,,,"A steam propelled road vehicle that requires constant top ups of kerosene to maintain pressure.",,,,,,,,,,,,,
modVehiclePlowDesc,item_modifiers,mod,,,,"A rugged Steam Horse plow. Perfect for clearing paths through hordes of zombies.\n\nReduces the damage taken when objects hit the front of the Steam Horse. Increases damage to blocks and entities.",,,,,,,,,,,,,
vehiclePedalCar,entityclasses,Entity,,,,Pedal Car Train,,,,,,,,,,,,,
vehiclePedalCarPlaceable,vehicles,vehicle,,,,Pedal Car Train,,,,,,,,,,,,,
vehiclePedalCarPlaceableDesc,vehicles,vehicle,,,,"Pedal like the wind!",,,,,,,,,,,,,
vehicleBalloon,entityclasses,Entity,,,,Balloon (Blue and Red),,,,,,,,,,,,,
vehicleBalloonPlaceable,vehicles,vehicle,,,,Balloon (Blue and Red),,,,,,,,,,,,,
vehicleBalloonPlaceableDesc,vehicles,vehicle,,,,"Up, up, and away! Top up with kerosene.",,,,,,,,,,,,,
vehicleBalloon2,entityclasses,Entity,,,,Balloon (Cigar),,,,,,,,,,,,,
vehicleBalloon2Placeable,vehicles,vehicle,,,,Balloon (Cigar),,,,,,,,,,,,,
vehicleBalloon2PlaceableDesc,vehicles,vehicle,,,,"Up, up, and away! Top up with kerosene.",,,,,,,,,,,,,
vehicleBalloon3,entityclasses,Entity,,,,Balloon (Anchor),,,,,,,,,,,,,
vehicleBalloon3Placeable,vehicles,vehicle,,,,Balloon (Anchor),,,,,,,,,,,,,
vehicleBalloon3PlaceableDesc,vehicles,vehicle,,,,"Up, up, and away! Top up with kerosene.",,,,,,,,,,,,,
vehicleBalloon4,entityclasses,Entity,,,,Balloon (Smokey),,,,,,,,,,,,,
vehicleBalloon4Placeable,vehicles,vehicle,,,,Balloon (Smokey),,,,,,,,,,,,,
vehicleBalloon4PlaceableDesc,vehicles,vehicle,,,,"Up, up, and away! Top up with kerosene.",,,,,,,,,,,,,

vehicleWWMDinkyDonkey,vehicles,vehicle,,,,Wild West Dinky Donkey (T0),,,,,,,,,,,,,
vehicleWWMDinkyDonkeyPlaceable,vehicles,item,,,,Wild West Dinky Donkey (T0),,,,,,,,,,,,,
vehicleWWMDinkyRacingDonkey,vehicles,vehicle,,,,Wild West Dinky Racing Donkey (T3),,,,,,,,,,,,,
vehicleWWMDinkyRacingDonkeyPlaceable,vehicles,item,,,,Wild West Dinky Racing Donkey (T3),,,,,,,,,,,,,
vehicleWWMHorseT1,vehicles,vehicle,,,,Wild West Horse (T1),,,,,,,,,,,,,
vehicleWWMHorseT1Placeable,vehicles,item,,,,Wild West Horse (T1),,,,,,,,,,,,,
vehicleWWMHorseT2,vehicles,vehicle,,,,Wild West Horse (T2),,,,,,,,,,,,,
vehicleWWMHorseT2Placeable,vehicles,item,,,,Wild West Horse (T2),,,,,,,,,,,,,
vehicleWWMHorseT3,vehicles,vehicle,,,,Wild West Horse (T3),,,,,,,,,,,,,
vehicleWWMHorseT3Placeable,vehicles,item,,,,Wild West Horse (T3),,,,,,,,,,,,,
foodApple,items,Food,,,,Apple,,,,,,,,,,,,,
foodAppleDesc,items,Food,,,,"Apples can be fed to your horses or donkey to revitalise them, or served up in a dish. Apples can be harvested from trees and sometimes found in loot.",,,,,,,,,,,,,
foodApplePie,items,Food,,,,Apple Pie,,,,,,,,,,,,,
foodApplePieDesc,items,Food,,,,"Apple Pie is a tasty treat, as long as you can keep your horse or donkey away from the main ingredient. Apples can be harvested from trees and sometimes found in loot.",,,,,,,,,,,,,

cntShippingCrateCarParts,blocks,Container,,,,Transport Box,,,,,,,,,,,,,
cntShippingCrateMoPowerElectronics,blocks,Container,,,,Parts Box,,,,,,,,,,,,,
cntLootCrateCarParts,blocks,Container,,,,Transport Box,,,,,,,,,,,,,
cntLootCrateMoPowerElectronics,blocks,Container,,,,Parts Box,,,,,,,,,,,,,
cntTrashPile01,blocks,Container,,,,Wild West Trash Pile,,,,,,,,,,,,,
cntTrashPile02,blocks,Container,,,,Pile of Wild West Garbage,,,,,,,,,,,,,
cntTrashPile03,blocks,Container,,,,Mound of Wild West Garbage,,,,,,,,,,,,,
cntTrashPile04,blocks,Container,,,,Abandoned Wild West Rubbish,,,,,,,,,,,,,
cntTrashPile05,blocks,Container,,,,Rotting Wild West Trash,,,,,,,,,,,,,
cntTrashPile06,blocks,Container,,,,Spoiled Wild West Trash,,,,,,,,,,,,,
cntTrashPile07,blocks,Container,,,,Garbage Wild West Pile,,,,,,,,,,,,,
cntTrashPile08,blocks,Container,,,,Foul Wild West Trash,,,,,,,,,,,,,
cntTrashPile09,blocks,Container,,,,Wild Wild West Trash,,,,,,,,,,,,,
cntBackpack01,blocks,Container,,,,Weathered Wild West Pack,,,,,,,,,,,,,
cntBackpack03,blocks,Container,,,,Weathered Wild West Pack,,,,,,,,,,,,,
cntSportsBag01,blocks,Container,,,,Weathered Wild West Pack,,,,,,,,,,,,,
cntSportsBag02,blocks,Container,,,,Weathered Wild West Pack,,,,,,,,,,,,,
cntVendingMachineSnacksEmpty,blocks,Block,,,,"Wild West Merchandise Booth, Food Empty",,,,,,,,,,,,,
cntVendingMachineSnacksEmptyBroken,blocks,Block,,,,"Wild West Merchandise Booth, Food Empty Broken",,,,,,,,,,,,,
cntVendingMachineSnacksFull,blocks,Block,,,,Wild West Food Merchandise Booth,,,,,,,,,,,,,
cntVendingMachineSnacksFullBroken,blocks,Block,,,,"Wild West Food Merchandise Booth",,,,,,,,,,,,,
cntVendingMachine,blocks,Container,,,,Wild West Player Merchandise Booth,,,,,,,,,,,,,
cntVendingMachine2,blocks,Container,,,,Wild West Drink Merchandise Booth,,,,,,,,,,,,,
cntVendingMachine2Broken,blocks,Container,,,,"Wild West Drink Merchandise Booth, Drink Broken",,,,,,,,,,,,,
cntVendingMachineEnergy,blocks,Container,,,,Wild West Energy Merchandise Booth,,,,,,,,,,,,,
cntVendingMachineEnergyBroken,blocks,Container,,,,"Wild West Energy Merchandise Booth, Energy Broken",,,,,,,,,,,,,
cntVendingMachineGroupDesc,blocks,Container,,,,"Buy goods at a merchandise booth with Liberty Coin or get your own to sell goods.",,,,,,,,,,,,,
cntVendingMachineTrader,blocks,Container,,,,Wild West Merchandise Booth Rental,,,,,,,,,,,,,
cntVendingMachineWater,blocks,Container,,,,Wild West Water Merchandise Booth,,,,,,,,,,,,,
cntVendingMachineWaterBroken,blocks,Container,,,,"Wild West Water Merchandise Booth, Water Broken",,,,,,,,,,,,,

cntBeerCooler,blocks,Container,,,,Wild West Cooler,,,,,,,,,,,,,
cntCabinetOldSinkSluiceBox,blocks,Container,,,,Sluice Box
cntKeroseneBarrel,blocks,Block,,,,Kerosene Boom Barrel,,,,,,,,,,,,,
cntKeroseneBarrelDesc,blocks,Block,,,,"The Wild West Kerosene Boom Barrel can be placed gently but is too volatile to be picked up again. Shoot or hit to explode. Causes high entity damage but very low block damage. Can be lined up to trigger a domino effect.",,,,,,,,,,,,,

cntCollapsedGeneratorbank,blocks,Container,,,,Destroyed Steam Power Stove,,,,,,,,,,,,,
cntjailDoorWhiteVariantHelper,blocks,Block,,,,Jail Doors Single,,,,,,,,,,,,,
cntjailDoorDoubleWhiteVariantHelper,blocks,Block,,,,Jail Doors Double,,,,,,,,,,,,,
generatorbank,blocks,Electricity,,,,Stove Steam Power,,,,,,,,,,,,,
questGeneratorLarge,blocks,Block,,,,Large Quest Steam Power Stove,,,,,,,,,,,,,
questGeneratorSmall,blocks,Block,,,,Small Quest Steam Power Stove,,,,,,,,,,,,,
ObjectiveRestorePower_keyword,Quest,Keywords,,,,Restore Steam Power:,,Repariere Generatoren:,Restaura los generadores:,Restaurer des générateurs :,Ripristina generatori:,発電機を修復する：,발전기 복구,Napraw agregaty:,Restaure os geradores:,Восстановить генераторы:,Jeneratörleri Onar:,修复发电机：,修復發電機：,Restaura los generadores:

quest_restore_power_completion,Quest,Quest Info,,,,Well I'll be danged. You really managed to pull through in a pinch. Thanks for restoring the power for us. Here's what I owe ya.,,"Ich will verdammt sein. Du hast es wirklich geschafft im Handumdrehen durchzukommen. Danke, dass du die Stromzufuhr für uns wiederhergestellt hast. Hier hast du, was ich dir schulde.",No puedo creerlo. Te las has arreglado para salir adelante en un apuro. Gracias por restaurar nuestros generadores. Esto es lo que te debo.,"Eh bien, quelle surprise. Tu as réussi à t'en sortir à la fin. Merci d'avoir rétabli l'alimentation pour nous. Voilà ce que je te dois.","Beh, che io sia dannato. Te la sei cavata in un attimo. Grazie per aver riattivato la corrente. Ecco quello che ti dovevo.",危なかった。お前は本当に危機的状況をうまく乗り越えてくれた。発電機を復旧してくれて感謝している。ほら、約束の品だ。,"이런, 세상에. 진짜로 간신히 해냈네. 전력을 복구해줘서 고마워. 여기 내가 빚진 거.","A niech cię. Naprawdę udało ci się sprostać wyzwaniu. Dzięki za przywrócenie nam zasilania. Masz tu to, co ci się należy.",Veja você... Não é que você conseguiu? Eu lhe agradeço por recuperar a nossa energia. Aqui está o pagamento.,"Будь я проклят. Вы действительно можете при необходимости выкрутиться. Спасибо, что восстановили питание. Вот, я вам должен.",Vay canına. Sıkışınca iyi iş çıkardın. Elektriği yeniden sağladığın için teşekkürler. İşte sana olan borcum.,真没想到！紧要关头你还真想办法度过了难关。感谢你为我们修复了发电机，我欠你一个人情。,見鬼了，你真的在緊要關頭設法渡過了難關。謝謝你幫我們恢復電力；這是我欠你的。,No puedo creerlo. Te las has arreglado para salir adelante en un apuro. Gracias por restaurar nuestros generadores. Esto es lo que te debo.
quest_restore_power_description,Quest,Quest Info,,,,"Head to [DECEA3]{poi.name}[-] and turn back on the stoves. While you are there, clear out all the zombies you find inside.",,"Begib dich hierhin: [DECEA3]{poi.name}[-]. Schalte dort die Generatoren wieder an. Beseitige nebenbei alle Zombies, die du dort findest.","Dirígete a [DECEA3]{poi.name}[-] y enciende los generadores. Mientras estés allí, deshazte de todos los zombis que encuentres dentro.","Rends-toi à [DECEA3]{poi.name}[-] et répare les générateurs. Tant que tu y es, élimine tous les zombies que tu trouveras à l'intérieur.","Vai al [DECEA3]{poi.name}[-] e riaccendi i generatori. Visto che ci sei, elimina tutti gli zombie che troverai all'interno.",[DECEA3]{poi.name}[-]へ向かい、発電機の電源を入れ直せ。そこにいる間に、中にいるゾンビすべてを一掃せよ。,[DECEA3]{poi.name}[-](으)로 가서 발전기를 다시 켜줘. 거기 있는 동안 좀비들도 제거하고.,"[DECEA3]{poi.name}[-] – to tam musisz się udać. Trzeba naprawić agregaty prądotwórcze. Przy okazji usuń wszystkie zombie, które znajdziesz w środku.","Vá para [DECEA3]{poi.name}[-] e religue os geradores. Enquanto estiver por lá, elimine os zumbis.","[DECEA3]{poi.name}[-]: отправляйтесь в указанное место и снова включите генераторы. Избавьтесь от всех зомби, которых обнаружите внутри.",[DECEA3]{poi.name}[-] bölgesine git ve jeneratörleri yeniden çalışır hâle getir. Hazır gitmişken içeride bulduğun tüm zombileri ortadan kaldır.,前往[DECEA3]{poi.name}[-]，然后重新启动发电机。等到了那里，顺便把里面的丧尸也清除干净。,前往[DECEA3]{poi.name}[-]，重新打開發電機。趁你在那裡時，除掉裡面所有看得到的殭屍。,"Dirígete a [DECEA3]{poi.name}[-] y enciende los generadores. Mientras estés allí, deshazte de todos los zombis que encuentres dentro."
quest_restore_power_response,Quest,Quest Info,,,,Restore Steam Power [[DECEA3]Night Only[-]] ([DECEA3]{poi.distance} {poi.direction}[-]),,Stromzufuhr wiederherstellen [[DECEA3]Nur Nacht[-]] ([DECEA3]{poi.distance} {poi.direction}[-]),Restaura la potencia [[DECEA3]Solo durante la noche[-]] ([DECEA3]{poi.distance} {poi.direction}[-]),Rétablir l'alimentation [[DECEA3]Uniquement la nuit[-]] ([DECEA3]{poi.distance} {poi.direction}[-]),Riattiva la corrente [[DECEA3]solo la notte[-]] ([DECEA3]{poi.distance} {poi.direction}[-]),電源を復旧させよ [[DECEA3]夜間限定[-]] ([DECEA3]{poi.distance} {poi.direction}[-]),전원 복구 [[DECEA3]야간 전용[-]] ([DECEA3]{poi.distance} {poi.direction}[-]),Przywróć zasilanie [[DECEA3]Tylko w nocy[-]] ([DECEA3]{poi.distance} {poi.direction}[-]),Restaurar energia [[DECEA3]Somente à noite[-]] ([DECEA3]{poi.distance} {poi.direction}[-]),Восстановите питание [[DECEA3]только в ночное время[-]] ([DECEA3]{poi.distance}{poi.direction}[-]),Enerji Sağla [[DECEA3]Sadece Gece[-]] ([DECEA3]{poi.distance} {poi.direction}[-]),恢复电力[[DECEA3]仅在夜晚[-]] ([DECEA3]{poi.distance} {poi.direction}[-]),恢復電力 [[DECEA3]限夜晚[-]] ([DECEA3]{poi.distance} {poi.direction}[-]),Restaura la potencia [[DECEA3]Solo durante la noche[-]] ([DECEA3]{poi.distance} {poi.direction}[-])
quest_restore_power_statement,Quest,Quest Info,,,,Restore the power to the stoves.,,Stelle die Stromzufuhr der Generatoren wieder her.,Restaura los generadores de energía.,Rétablissez l'alimentation des générateurs.,Riattiva la corrente dei generatori.,発電機に流れる電気を復旧せよ。,전력 발전기를 복구하세요.,Przywróć działanie agregatów.,Restaure a energia dos geradores.,Восстановите питание генераторов.,Jeneratörleri çalışır hâle getir.,修复发电机的电力。,恢復發電機的電力。,Restaura los generadores de energía.
quest_restore_power_subtitle,Quest,Quest Info,,,,Restore the Steam Power Stoves,,Stelle die Stromzufuhr wieder her,Restaura los generadores de energía,Réparer les générateurs électriques,Riattiva i generatori,発電機を復旧させる,전력 발전기 복구,Napraw agregaty prądotwórcze,Restaure os geradores de energia,Восстановите генераторы питания,Elektrik Jeneratörlerini çalışır hâle getir,修复发电机,恢復發電機,Restaura los generadores de energía
quest_tier2_restore_power,Quest,Quest Info,,,,Tier 2 Restore Steam Power,,Stufe 2 Stromzufuhr wiederherstellen,Nivel 2 Restaura la potencia,Rétablir l'alimentation - rang 2,Ripristino corrente di grado 2,ティア2 電源復旧,티어 2 전력 복구,Przywróć zasilanie — poziom 2,Restauração de energia de categoria 2,Уровень 2. Восстановить питание,2. Kademe Enerji Sağla,第2级 恢复电力,第2層恢復電力,Nivel 2 Restaura la potencia
quest_tier2_restore_power_offer,Quest,Quest Info,,,,We found a building that is well suited for a new outpost. Go to [DECEA3]{poi.name}[-] and reset the stoves. Clear out any zombies you find inside. You need to do this job at [FF0000]night[-] to avoid enemy detection. Be sure to bring a torch.,,"Wir haben ein Gebäude gefunden, das sich gut als neuer Außenposten eignet. Geh nach [DECEA3]{poi.name}[-] und setze die Generatoren zurück. Beseitige alle Zombies, die du dort findest. Du musst diese Aufgabe bei [FF0000]Nacht[-] erledigen, um nicht von den Feinden entdeckt zu werden. Denk daran, eine Fackel mitzunehmen.",Encontramos una ubicación buena para un nuevo puesto de avanzada. Ve a [DECEA3]{poi.name}[-] y restaura los generadores. Mata todos los zombis que encuentres dentro. Debes cumplir esta tarea de [FF0000]noche[-] para evitar que los enemigos te detecten. Asegúrate de llevar una antorcha.,Nous avons découvert un bâtiment parfaitement adapté pour un nouvel avant-poste. Rends-toi à [DECEA3]{poi.name}[-] et réinitialise les générateurs. Élimine tous les zombies que tu trouveras à l'intérieur. Tu dois remplir cette mission la [FF0000]nuit[-] pour éviter que les ennemis te détectent. N'oublie pas d'apporter une torche.,Abbiamo trovato un edificio perfetto per un avamposto. Vai al [DECEA3]{poi.name}[-] e riattiva i generatori. Elimina tutti gli zombie che troverai all'interno. Dovrai farlo di [FF0000]notte[-] per evitare che i nemici ti vedano. Portati una torcia.,新しい前哨基地に適した建物を発見した。[DECEA3]{poi.name}[-]へ向かって発電機の電源を入れ直せ。中にいるゾンビをすべて一掃しろ。敵に検知されることを避けるために、この仕事は[FF0000]夜[-]こなしてもらう必要がある。絶対に松明を持って行くように。,새 전초기지로 쓸 수 있는 좋은 건물을 찾았어. [DECEA3]{poi.name}[-](으)로 가서 발전기를 켜줘. 안에 있는 좀비도 모두 없애고. 적에게 들키지 않으려면 [FF0000]밤[-]에 작업해야 해. 그러니 횃불을 챙겨가.,"Znaleźliśmy budynek, który dobrze nadaje się na nowy posterunek. Twój cel to [DECEA3]{poi.name}[-]. Zresetuj tam agregaty prądotwórcze. Usuń też wszystkie zombie, które znajdziesz w środku. Musisz wykonać tę robotę w [FF0000]nocy[-], aby uniknąć wykrycia przez wroga. Pamiętaj, aby zabrać ze sobą pochodnię.",Encontramos um prédio ideal para um novo posto avançado. Vá para [DECEA3]{poi.name}[-] e reinicie os geradores. Elimine os zumbis que encontrar. É preciso realizar este trabalho à [FF0000]noite[-] para evitar a detecção por parte dos inimigos. Não se esqueça de levar uma tocha.,"Мы нашли здание, которое прекрасно подходит для нового аванпоста. [DECEA3]{poi.name}[-]: отправляйтесь туда и сбросьте питание генераторов. Избавьтесь от всех зомби, которых увидите внутри. Всю работу надо проделать [FF0000]ночью[-], чтобы вас не обнаружили. Не забудьте взять факел.",Yeni bir karakol yapmaya çok uygun bir bina bulduk. [DECEA3]{poi.name}[-] bölgesine git ve jeneratörleri sıfırla. İçeride bulduğun tüm zombileri ortadan kaldır. Düşmana yakalanmamak için bu işi [FF0000]gece[-] yapman gerekiyor. Bir meşale getirmeyi unutma.,我们发现一座很适合做新哨站的建筑。前往[DECEA3]{poi.name}[-]，然后重置发电机。把里面的丧尸清除干净。你需要在[FF0000]夜晚[-]执行这项任务，以避免被敌人发现。务必带上火把。,我們發現一棟建築，很適合用來當做新的前哨站。前往[DECEA3]{poi.name}[-]並重啟發電機，除掉裡面所有看得到的殭屍。你必須在[FF0000]夜進行這項任務，[-]免得被敵軍發現。記得帶火把。,Encontramos una ubicación buena para un nuevo puesto de avanzada. Ve a [DECEA3]{poi.name}[-] y restaura los generadores. Mata todos los zombis que encuentres dentro. Debes cumplir esta tarea de [FF0000]noche[-] para evitar que los enemigos te detecten. Asegúrate de llevar una antorcha.
quest_tier3_restore_power,Quest,Quest Info,,,,Tier 3 Restore Steam Power,,Stufe 3 Stromzufuhr wiederherstellen,Nivel 3 Restaura la potencia,Rétablir l'alimentation - rang 3,Ripristino corrente di grado 3,ティア3 電源復旧,티어 3 전력 복구,Przywróć zasilanie — poziom 3,Restauração de energia de categoria 3,Уровень 3. Восстановить питание,3. Kademe Enerji Sağla,第3级 恢复电力,第3層恢復電力,Nivel 3 Restaura la potencia
quest_tier3_restore_power_offer,Quest,Quest Info,,,,Our community reported a good size structure that contains significant resources we badly need. Go to [DECEA3]{poi.name}[-] and reset the stoves. Clear out any zombies you find inside. You need to do this job at [FF0000]night[-] to avoid enemy detection. Be sure to bring a torch.,,"Wir haben von einem großen Gebäude gehört, in dem es viele Rohstoffe geben soll, die wir unbedingt brauchen. Geh nach [DECEA3]{poi.name}[-] und setze die Generatoren zurück. Beseitige alle Zombies, die du dort findest. Du musst diese Aufgabe bei [FF0000]Nacht[-] erledigen, um nicht von den Feinden entdeckt zu werden. Denk daran, eine Fackel mitzunehmen.",Nuestra comunidad nos informó de una estructura de gran tamaño que contiene recursos importantes que necesitamos con urgencia. Ve a [DECEA3]{poi.name}[-] y restaura los generadores. Mata todos los zombis que encuentres dentro. Debes cumplir esta tarea de [FF0000]noche[-] para evitar que los enemigos te detecten. Asegúrate de llevar una antorcha.,Notre communauté a repéré une structure de bonne taille qui contient des ressources importantes dont nous avons désespérément besoin. Rends-toi à [DECEA3]{poi.name}[-] et réinitialise les générateurs. Élimine tous les zombies que tu trouveras à l'intérieur. Tu dois remplir cette mission la [FF0000]nuit[-] pour éviter que les ennemis te détectent. N'oublie pas d'apporter une torche.,La comunità ha segnalato un grosso edificio dentro cui ci sono risorse che dobbiamo avere assolutamente. Vai al [DECEA3]{poi.name}[-] e riattiva i generatori. Elimina tutti gli zombie che troverai all'interno. Dovrai farlo di [FF0000]notte[-] per evitare che i nemici ti vedano. Portati una torcia.,コミュニティからの報告によると、我々が切望している資源が多く眠っている、良い大きさの建造物を発見したらしい。[DECEA3]{poi.name}[-]へ向かって発電機の電源を入れ直せ。中にいるゾンビをすべて一掃しろ。敵に検知されることを避けるために、この仕事は[FF0000]夜[-]こなしてもらう必要がある。絶対に松明を持って行くように。,우리 커뮤니티 사람들이 우리에게 필요한 자원이 꽤 많이 있는 괜찮은 크기의 건물을 발견했어. [DECEA3]{poi.name}[-](으)로 가서 발전기를 켜줘. 안에 있는 좀비도 모두 없애고. 적에게 들키지 않으려면 [FF0000]밤[-]에 작업해야 해. 그러니 횃불을 챙겨 가.,"Nasza społeczność dostrzegła strukturę zawierającą sporo zasobów, których bardzo potrzebujemy. Twój cel to [DECEA3]{poi.name}[-]. Zresetuj tam agregaty prądotwórcze. Usuń też wszystkie zombie, które znajdziesz w środku. Musisz wykonać tę robotę w [FF0000]nocy[-], aby uniknąć wykrycia przez wroga. Pamiętaj, aby zabrać ze sobą pochodnię.",Nossa comunidade relatou a existência de uma estrutura repleta de recursos dos quais precisamos muito. Vá para [DECEA3]{poi.name}[-] e reinicie os geradores. Elimine os zumbis que encontrar. É preciso realizar este à [FF0000]noite[-] para evitar a detecção por parte dos inimigos. Não se esqueça de levar uma tocha.,"Нашему сообществу стало известно об огромных залежах ресурсов, в которых мы остро нуждаемся. [DECEA3]{poi.name}[-]: отправляйтесь туда и сбросьте питание генераторов. Избавьтесь от всех зомби, которых увидите внутри. Всю работу надо проделать [FF0000]ночью[-], чтобы вас не обнаружили. Не забудьте взять факел.","Topluluğumuz, çok ihtiyacımız olan önemli kaynakları içeren büyük boyutta bir yapı olduğunu bildirdi. [DECEA3]{poi.name}[-] bölgesine git ve jeneratörleri sıfırla. İçerde bulduğun tüm zombileri ortadan kaldır. Düşmana yakalanmamak için bu işi [FF0000]gece[-] yapman gerekiyor. Bir meşale getirmeyi unutma.",我们的社区报告找到一座相当规模的建筑，里面有大量我们亟需的资源。前往[DECEA3]{poi.name}[-]，然后重置发电机。把里面的丧尸清除干净。你需要在[FF0000]夜晚[-]执行这项任务，以避免被敌人发现。务必带上火把。,我們的聚落回報有一棟規模適當的建築物，裡面有大量我們急需的資源。前往[DECEA3]{poi.name}[-]並重啟發電機，除掉裡面所有看得到的殭屍。你必須在[FF0000]夜進行這項任務，[-]免得被敵軍發現。記得帶火把。,Nuestra comunidad nos informó de una estructura de gran tamaño que contiene recursos importantes que necesitamos con urgencia. Ve a [DECEA3]{poi.name}[-] y restaura los generadores. Mata todos los zombis que encuentres dentro. Debes cumplir esta tarea de [FF0000]noche[-] para evitar que los enemigos te detecten. Asegúrate de llevar una antorcha.
quest_tier4_restore_power,Quest,Quest Info,,,,Tier 4 Restore Steam Power,,Stufe 4 Stromzufuhr wiederherstellen,Nivel 4 Restaura la potencia,Rétablir l'alimentation - rang 4,Ripristino corrente di grado 4,ティア4 電源復旧,티어 4 전력 복구,Przywróć zasilanie — poziom 4,Restauração de energia de categoria 4,Уровень 4. Восстановить питание,4. Kademe Enerji Sağla,第4级 恢复电力,第4層恢復電力,Nivel 4 Restaura la potencia
quest_tier4_restore_power_offer,Quest,Quest Info,,,,We found a location that we believe is large enough to defend and accomodate our growing communities needs. Go to [DECEA3]{poi.name}[-] and reset the stoves. Clear out any zombies you find inside. You need to do this job at [FF0000]night[-] to avoid enemy detection. Be sure to bring a torch.,,"Wir haben einen Ort gefunden, der groß genug sein sollte, um ihn gut verteidigen zu können und um die Bedürfnisse unserer wachsenden Gesellschaft zu befriedigen. Geh nach [DECEA3]{poi.name}[-] und setze die Generatoren zurück. Beseitige alle Zombies, die du dort findest. Du musst diese Aufgabe bei [FF0000]Nacht[-] erledigen, um nicht von den Feinden entdeckt zu werden. Denk daran, eine Fackel mitzunehmen.",Encontramos una ubicación que creemos que es lo suficientemente grande como para defenderla y atender las crecientes necesidades de nuestra comunidad. Ve a [DECEA3]{poi.name}[-] y restaura los generadores. Mata todos los zombis que encuentres dentro. Debes cumplir esta tarea de [FF0000]noche[-] para evitar que los enemigos te detecten. Asegúrate de llevar una antorcha.,Nous avons découvert un emplacement que nous estimons assez vaste pour défendre et répondre aux besoins de nos communautés en développement. Rends-toi à [DECEA3]{poi.name}[-] et réinitialise les générateurs. Élimine tous les zombies que tu trouveras à l'intérieur. Tu dois remplir cette mission la [FF0000]nuit[-] pour éviter que les ennemis te détectent. N'oublie pas d'apporter une torche.,Abbiamo trovato un posto che riteniamo abbastanza grande da difendere e soddisfare le crescenti esigenze della nostra comunità. Vai al [DECEA3]{poi.name}[-] e riattiva i generatori. Elimina tutti gli zombie che troverai all'interno. Dovrai farlo di [FF0000]notte[-] per evitare che i nemici ti vedano. Portati una torcia.,どんどん大きくなっているこのコミュニティを守りながらかくまうのに十分な大きさのロケーションを発見した。[DECEA3]{poi.name}[-]へ向かって発電機の電源を入れ直せ。中にいるゾンビをすべて一掃しろ。敵に検知されることを避けるために、この仕事は[FF0000]夜[-]こなしてもらう必要がある。絶対に松明を持って行くように。,"공동체가 점차 커져가고 있어. 많은 인원을 수용하고, 방어도 가능한 커다란 장소를 발견했어. [DECEA3]{poi.name}[-](으)로 가서 발전기를 켜줘. 안에 있는 좀비도 모두 없애고. 적에게 들키지 않으려면 [FF0000]밤[-]에 작업해야 해. 그러니 횃불을 챙겨 가.","Znaleźliśmy miejsce, które zdołamy obronić i naszym zdaniem jest wystarczająco duże, aby zaspokoić potrzeby naszych rozwijających się społeczności. Twój cel to [DECEA3]{poi.name}[-]. Zresetuj tam agregaty prądotwórcze. Usuń też wszystkie zombie, które znajdziesz w środku. Musisz wykonać tę robotę w [FF0000]nocy[-], aby uniknąć wykrycia przez wroga. Pamiętaj, aby zabrać ze sobą pochodnię.",Encontramos um lugar grande o suficiente para defender e acomodas as crescentes necessidades da nossa comunidade. Vá para [DECEA3]{poi.name}[-] e reinicie os geradores. Elimine os zumbis que encontrar. É preciso realizar este trabalho à [FF0000]noite[-] para evitar a detecção por parte dos inimigos. Não se esqueça de levar uma tocha.,"Мы нашли здание, достаточное большое, чтобы укрыть все наше растущее сообщество. [DECEA3]{poi.name}[-]: отправляйтесь туда и сбросьте питание генераторов. Избавьтесь от всех зомби, которых увидите внутри. Всю работу надо проделать [FF0000]ночью[-], чтобы вас не обнаружили. Не забудьте взять факел.",Savunma yapmak ve büyüyen topluluklarımızın ihtiyaçlarını karşılamak için yeterince büyük olduğuna inandığımız bir konum bulduk. [DECEA3]{poi.name}[-] bölgesine git ve jeneratörleri sıfırla. İçerde bulduğun tüm zombileri ortadan kaldır. Düşmana yakalanmamak için bu işi [FF0000]gece[-] yapman gerekiyor. Bir meşale getirmeyi unutma.,我们找到一个地方，它足够大，易守难攻，而且能够满足社区发展需求。前往[DECEA3]{poi.name}[-]，然后重置发电机。把里面的丧尸清除干净。你需要在[FF0000]夜晚[-]执行这项任务，以避免被敌人发现。务必带上火把。,我們發現一處地點，空間足以保護並容納我們不斷成長的聚落需求。前往[DECEA3]{poi.name}[-]並重啟發電機，除掉裡面所有看得到的殭屍。你必須在[FF0000]夜進行這項任務，[-]免得被敵軍發現。記得帶火把。,Encontramos una ubicación que creemos que es lo suficientemente grande como para defenderla y atender las crecientes necesidades de nuestra comunidad. Ve a [DECEA3]{poi.name}[-] y restaura los generadores. Mata todos los zombis que encuentres dentro. Debes cumplir esta tarea de [FF0000]noche[-] para evitar que los enemigos te detecten. Asegúrate de llevar una antorcha.

cntCar03SedanDamage0v01,blocks,Container,,,,Wild West Wagon,,,,,,,,,,,,,
cntCar03SedanDamage0v02,blocks,Container,,,,Wild West Wagon,,,,,,,,,,,,,
cntCar03SedanDamage0v03,blocks,Container,,,,Wild West Wagon,,,,,,,,,,,,,
cntCar03SedanDamage0v04,blocks,Container,,,,Wild West Wagon,,,,,,,,,,,,,
cntCar03SedanDamage0v05,blocks,Container,,,,Wild West Wagon,,,,,,,,,,,,,
cntCar03SedanDamage0v06,blocks,Container,,,,Wild West Wagon,,,,,,,,,,,,,
cntCar03SedanDamage0v07,blocks,Container,,,,Wild West Wagon,,,,,,,,,,,,,
cntCar03SedanDamage0v08,blocks,Container,,,,Wild West Wagon,,,,,,,,,,,,,
cntCar03SedanDamage1v01,blocks,Container,,,,Wild West Wagon,,,,,,,,,,,,,
cntCar03SedanDamage1v02,blocks,Container,,,,Wild West Wagon,,,,,,,,,,,,,
cntCar03SedanDamage1v03,blocks,Container,,,,Wild West Wagon,,,,,,,,,,,,,
cntCar03SedanDamage1v04,blocks,Container,,,,Wild West Wagon,,,,,,,,,,,,,
cntCar03SedanDamage1v05,blocks,Container,,,,Wild West Wagon,,,,,,,,,,,,,
cntCar03SedanDamage1v06,blocks,Container,,,,Wild West Wagon,,,,,,,,,,,,,
cntCar03SedanDamage1v07,blocks,Container,,,,Wild West Wagon,,,,,,,,,,,,,
cntCar03SedanDamage1v08,blocks,Container,,,,Wild West Wagon,,,,,,,,,,,,,
cntCar03SedanDamage2v01,blocks,Container,,,,Wild West Wagon,,,,,,,,,,,,,
cntCar03SedanDamage2v02,blocks,Container,,,,Wild West Wagon,,,,,,,,,,,,,
cntCar03SedanDamage2v03,blocks,Container,,,,Wild West Wagon,,,,,,,,,,,,,
cntCar03SedanDamage2v04,blocks,Container,,,,Wild West Wagon,,,,,,,,,,,,,
cntCar03SedanDamage2v05,blocks,Container,,,,Wild West Wagon,,,,,,,,,,,,,
cntCar03SedanDamage2v06,blocks,Container,,,,Wild West Wagon,,,,,,,,,,,,,
cntCar03SedanDamage2v07,blocks,Container,,,,Wild West Wagon,,,,,,,,,,,,,
cntCar03SedanDamage2v08,blocks,Container,,,,Wild West Wagon,,,,,,,,,,,,,
JailWagon,blocks,block,,,,Jail Wagon,,,,,,,,,,,,,
JailWagonOpen,blocks,block,,,,Jail Wagon,,,,,,,,,,,,,
JailWagonBroken,blocks,block,,,,Jail Wagon,,,,,,,,,,,,,
cntCarJailWagonsRandomHelper,blocks,block,,,,Jail Wagon Random Helper,,,,,,,,,,,,,
OldWagon,blocks,block,,,,Old Wagon,,,,,,,,,,,,,
OldWagonBroken,blocks,block,,,,Old Wagon,,,,,,,,,,,,,
OldWagonSmashed,blocks,block,,,,Old Wagon,,,,,,,,,,,,,
cntCarOldWagonsRandomHelper,blocks,block,,,,Old Wagon Random Helper,,,,,,,,,,,,,
MailWagon,blocks,block,,,,Mail Wagon,,,,,,,,,,,,,
MailWagonBroken,blocks,block,,,,Mail Wagon,,,,,,,,,,,,,
MailWagonSmashed,blocks,block,,,,Mail Wagon,,,,,,,,,,,,,
cntCarMailWagonsRandomHelper,blocks,block,,,,Mail Wagon Random Helper,,,,,,,,,,,,,
WaterWagon,blocks,block,,,,Water Wagon,,,,,,,,,,,,,
WaterWagonBroken,blocks,block,,,,Water Wagon,,,,,,,,,,,,,
WaterWagonSmashed,blocks,block,,,,Water Wagon,,,,,,,,,,,,,
cntCarWaterWagonsRandomHelper,blocks,block,,,,Water Wagon Random Helper,,,,,,,,,,,,,
Stagecoach,blocks,block,,,,Stagecoach,,,,,,,,,,,,,
StagecoachBroken,blocks,block,,,,Stagecoach,,,,,,,,,,,,,
StagecoachSmashed,blocks,block,,,,Stagecoach,,,,,,,,,,,,,
cntCarStagecoachesRandomHelper,blocks,block,,,,Stagecoach Random Helper,,,,,,,,,,,,,
oldCash,items,Item,,,,Continental Banknote,,,,,,,,,,,,,
oldCashDesc,items,Item,,,,"This used to be the main tender, and still holds some value even today. In emergencies, it can be scrapped for paper.",,,,,,,,,,,,,
buffDukeNoteToolTip,buffs,Buff,,,,[00FF00]The Wild West Duke left you a note to read[-],,[00FF00]Der Wild West Duke hat dir eine Notiz zum Lesen hinterlassen[-],[00FF00]El duque del salvaje oeste dejó una nota para que leas[-],[00FF00]Le Duc du Far West vous a laissé une note[-],[00FF00]Il Duca del selvaggio West ti ha lasciato un biglietto da leggere[-],[00FF00]ワイルド・ウェスト・デュークがあなたへの手紙を残していきました[-],[00FF00]서부 개척자 공작이 메모를 남겼습니다.[-],[00FF00]Książę Dzikiego Zachodu zostawił ci notatkę do przeczytania[-],[00FF00]O duque do Velho Oeste deixou um bilhete para você.[-],[00FF00]Херцог от Дивия запад оставил вам записку[-],"[00FF00]Vahşi Batı Dükü sizin okumanız için bir not bıraktı[-]",[00FF00]狂野西部公爵给你留了一张便条[-],[00FF00]狂野西部公爵留了一張便條給你，記得讀一讀[-]
noteDuke01,items,Quest - Note,,,,Note from The Wild West Duke,,,,,,,,,,,,,
noteDuke01Desc,items,Quest - Note,,,,"Just a friendly reminder that you play by our rules, or there will be greater consequences. We left you a little gear, but you still owe us, so complete those bounties. See you soon. - Wild West Duke",,,,,,,,,,,,,
cntDuffle01,blocks,Container,,,,Settler's Bag,,,,,,,,,,,,,
casinoCoin,items,Item,,,,Liberty Coin,,,,,,,,,,,,,
casinoCoinDesc,items,Item,,,,"Liberty Coins are an accepted currency used in the Wild West.\n\nCan be smelted in a forge.",,,,,,,,,,,,,
resourceDuctTape,items,Item,,,,Surgical Tape,,,,,,,,,,,,,
resourceDuctTapeDesc,items,Item,,,,"Surgical Tape was invented in 1845 and is a useful resource for making many things.",,,,,,,,,,,,,
resourceGlueDesc,items,Item,,,,"Glue is useful for making your own surgical tape.",,,,,,,,,,,,,
resourceElectricParts,items,Item,,,,Connection Parts,,,,,,,,,,,,,
resourceElectricPartsDesc,items,Item,,,,"Screws, chains, hooks, and other connective parts.",,,,,,,,,,,,,
resourceScrapPolymers,items,Item,,,,Tree Resin,,,,,,,,,,,,,
resourceScrapPolymersDesc,items,Item,,,,"An organic plant resin used in a viscous or solid form.",,,,,,,,,,,,,
drugSteroids,items,Medical,,,,Grizzly Gain,,,,,,,,,,,,,
drugSteroidsDesc,items,Medical,,,,"Grizzly Gain decreases encumbrance, allowing you to carry more items, and allow you to run faster. It also allows you to move and perform actions normally when you have a sprained or broken limb.",,,,,,,,,,,,,
drinkCanMegaCrush,items,Food,,,,Wild West Sarsaparilla,,,,,,,,,,,,,
drinkCanMegaCrushDesc,items,Food,,,,"Remedial and energizing. Helps you pick up the pace. Run 50% faster.",,,,,,,,,,,,,
barracksChair,blocks,Block,,,,Deck Chair,,,,,,,,,,,,,
capChimneyLargeSmoke,blocks,block,,,,Chimney Cap Large Smoke,,"Schornstein – Abdeckung, groß, Rauch",Sombrero de chimenea grande humeante,"Grand chapeau de cheminée, fumée",Coperchio del camino grande con fumo,煙突キャップ（大・スモーク）,치메니 캡 라지 스모크,"Komin – końcówka, duży, dym",Tampo de chaminé grande esfumaçado,Большая дымящаяся верхушка трубы,"Baca Külahı, Büyük, Duman",烟囱 顶盖 大 冒烟,冒煙大煙囪蓋

cntDewCollectorVariantHelper,blocks,block,,,,Water Wells,,,,,,,,,,,,,
cntRainDanceCatcherDesc,blocks,block,,,,"Collects water over time. [DECEA3]Water Wells[-] collect faster, and attract less screamers, than Rain Dance Catchers.\n\nRepair with Tree Resin.",,,,,,,,,,,,,
cntRainDanceCatcher,blocks,block,,,,Rain Dance Catcher,,,,,,,,,,,,,

challengePlaceRainDanceCatcher,Challenges,Challenge,,,,Place Rain Dance Catcher,,,,,,,,,,,,,
challengePlaceRainDanceCatcherDesc,Challenges,Challenge,,,,"A [DECEA3]Rain Dance Catcher[-] is a [DECEA3]Workstation[-] that allows you to passively obtain [DECEA3]Water[-] over time. Initially it will collect [DECEA3]Murky Water[-], but can be upgraded with [DECEA3]Workstation Modifications[-] to provide cleaner [DECEA3]Water[-] more efficiently.",,,,,,,,,,,,,
challengePlaceRainDanceCatcherShort,Challenges,Challenge,,,,Place a Rain Dance Catcher to collect water.,,,,,,,,,,,,,

cntOldWell,blocks,block,,,,Old Well - Groundwater Collector,,,,,,,,,,,,,
cntStoneWell,blocks,block,,,,Stone Well - Groundwater Collector,,,,,,,,,,,,,
cntWoodWell,blocks,block,,,,Wood Well - Groundwater Collector,,,,,,,,,,,,,

resourceWaterFilterDesc,items,item,,,,"A component used in the crafting of a Water Collector.",,,,,,,,,,,,,
workstationsT2-1,progression,Attribute,,,,Tier 1: Water Collector,,,,,,,,,,,,,
xuiDewCollector,UI,XUI,,,,Water Collector,,,,,,,,,,,,,
buffFishTrapEmptyWaterDesc,buffs,Buff,,,,"Add Fish Trap Bait with your secondary action while fully under water to bait the trap.",,,,,,,,,,,,,
buffFishTrapEmptyWaterName,buffs,Buff,,,,Fish Trap,,,,,,,,,,,,,

cntGroundWaterCollectorDesc,blocks,block,,,,"Collects water over time. A more efficient option to the [DECEA3]Rain Dance Catcher[-], and attracts less screamers. Choose from three different styles.\n\nRepair with Tree Resin.",,,,,,,,,,,,,

challengePlaceLadders,Challenges,Challenge,,,,Place 1 Wooden Ladder,,,,,,,,,,,,,
challengePlaceLaddersDesc,Challenges,Challenge,,,,"[DECEA3]Ladders[-] allow you to go up or down between floors, and quickly escape predators. Place with a gap of 2 blocks from the ground to confuse your average Zombie.\n\nPlace [DECEA3]Ladders[-] with [action:local:Secondary]. \n\nYou can repair them with [action:local:Secondary] while holding a [DECEA3]Repair Tool[-] and having repair items in your Inventory.",,,,,,,,,,,,,
challengePlaceLaddersShort,Challenges,Challenge,,,,Craft Ladders to reach upper areas or escape predators.,,,,,,,,,,,,,

challengeUpgradeToCobblestone,Challenges,Challenge,,,,Upgrade to Cobblestone,,,,,,,,,,,,,
challengeUpgradeToCobblestoneShort,Challenges,Challenge,,,,Upgrade 1 Wooden Block to Cobblestone.,,,,,,,,,,,,,

challengePlaceWallLightPlayerCandle,Challenges,Challenge,,,,Place 1 Wall Candle,,,,,,,,,,,,,
challengePlaceCandleDesc,Challenges,Challenge,,,,"[DECEA3]Wall Candles[-] provide a limited light source using simple resources. Place on a wall or other flat surface.\n\nPlace [DECEA3]Wall Candles[-] with [action:local:Secondary]. \n\nYou can repair them with [action:local:Secondary] while holding a [DECEA3]Repair Tool[-] and having repair items in your Inventory.\n\nThere are other types of [DECEA3]Lights[-] available to craft on your player or Workbench.",,,,,,,,,,,,,
challengePlaceCandleShort,Challenges,Challenge,,,,Craft a Candle to place on a wall.,,,,,,,,,,,,,

challengePlaceHayBaleSquare,Challenges,Challenge,,,,Place 1 Hay Bale,,,,,,,,,,,,,
challengePlaceHayBaleSquareDesc,Challenges,Challenge,,,,"[DECEA3]Hay Bales[-] provide immersion using using a simple resource. Place near your homestead.\n\nPlace [DECEA3]Hay Bales[-] with [action:local:Secondary]. \n\nYou can repair them with [action:local:Secondary] while holding a [DECEA3]Repair Tool[-] and having repair items in your Inventory.",,,,,,,,,,,,,
challengePlaceHayBaleSquareShort,Challenges,Challenge,,,,Craft a Hay Bale to place near your homestead.,,,,,,,,,,,,,

challengeEatApple,Challenges,Challenge,,,,Feed an Apple,,,,,,,,,,,,,
challengeEatAppleDesc,Challenges,Challenge,,,,Select an [DECEA3]Apple[-] on your [DECEA3]Toolbelt[-] then consume it with [action:local:Primary] while close to your horse or donkey.\n\nConsuming [DECEA3]Apples[-] increases your [DECEA3]Horse's[-] or [DECEA3]Donkey's[-] health.\n\nApples can be harvested from trees or found in some loot. Look for other recipes that require Apples.,,,,,,,,,,,,,
challengeEatAppleShort,Challenges,Challenge,,,,Feed an Apple to your Horse or Donkey.,,,,,,,,,,,,,

challengeCraftGasCan,Challenges,Challenge,,,,Craft Kerosene Jars,,,,,,,,,,,,,
challengeCraftGasCanDesc,Challenges,Challenge,,,,"[DECEA3]Kerosene Jars[-] are primarily used to fuel [DECEA3]Vehicles[-], but are also a material in some recipes and as [DECEA3]Fuel[-] for [DECEA3]Workstations[-] in a pinch.\n\nCraft some [DECEA3]Kerosene Jars[-].",,,,,,,,,,,,,
challengeCraftGasCanShort,Challenges,Challenge,,,,Craft some Kerosene Jars.,,,,,,,,,,,,,

challengeHarvestForgedSteelDesc,Challenges,Challenge,,,,"[DECEA3]Forged Steel[-] is used to craft [DECEA3]Steel Blocks[-], [DECEA3]Vehicles[-], [DECEA3]Armor[-], [DECEA3]Item Modifications[-] and many other advanced recipes.\n\n[DECEA3]Forged Steel[-] can be harvested from things like [DECEA3]Vending Machines[-], but beware, some [DECEA3]Vending Machines[-] have anti-tampering features.",,,,,,,,,,,,,

challengeHarvestLeatherDesc,Challenges,Challenge,,,,"[DECEA3]Leather[-] is an ingredient used primarily in [DECEA3]Armor[-] and [DECEA3]Armor Modification[-] recipes.\n\nIt can be harvested from places such as dead [DECEA3]Animals[-], and [DECEA3]Leather Couches[-].",,,,,,,,,,,,,
challengeHarvestLeatherShort,Challenges,Challenge,,,,Harvest some Leather from Couches with a Stone Axe.,,,,,,,,,,,,,

challengeHarvestMechanicalPartsDesc,Challenges,Challenge,,,,"[DECEA3]Mechanical Parts[-] are a commonly used material in recipes like [DECEA3]Wild West Lights[-], [DECEA3]Item Modifications[-] and [DECEA3]Revolvers[-].\n\nThey can be harvested from things like [DECEA3]Wild West Wagons[-] with any [DECEA3]Salvage Tool[-].",,,,,,,,,,,,,

challengeHarvestPipesDesc,Challenges,Challenge,,,,"[DECEA3]Short Iron Pipes[-] are used in a variety of recipes, including [DECEA3]Pipe Weapons[-] and [DECEA3]Pipe Bombs[-]. \n\nUsing a [DECEA3]Wrench[-] or other [DECEA3]Salvage Tool[-], they can be harvested from objects such as s well as [DECEA3]Bed Frames[-], [DECEA3]Wild West Wagons[-] and more.",,,,,,,,,,,,,
challengeHarvestPipesShort,Challenges,Challenge,,,,Harvest some Short Iron Pipes with any Harvest Tool.,,,,,,,,,,,,,

challengeHarvestPolymers,Challenges,Challenge,,,,Harvest Tree Resin,,,,,,,,,,,,,
challengeHarvestPolymersDesc,Challenges,Challenge,,,,"[DECEA3]Tree Resin[-] is a resource used in recipes like [DECEA3]Water Collectors[-] and [DECEA3]Item Modifications[-].\n\n[DECEA3]Tree Resin[-] can be harvested from [DECEA3]Trees[-], [DECEA3]Boxes[-], and some [DECEA3]Trash[-].",,,,,,,,,,,,,
challengeHarvestPolymersShort,Challenges,Challenge,,,,Harvest some Tree Resin with any Harvest Tool.,,,,,,,,,,,,,

challengeHarvestRottingFleshDesc,Challenges,Challenge,,,,"[DECEA3]Rotting Flesh[-] is a component used to make [DECEA3]Farm Plots[-] and some [DECEA3]Food[-] items.\n\nIt can be harvested from things like [DECEA3]Zombie Animal Corpses[-] and [DECEA3]Human Corpses[-].\n\nHarvest some [DECEA3]Rotting Flesh[-] with any [DECEA3]Knife[-].",,,,,,,,,,,,,

challengeHarvestCarParts,Challenges,Challenge,,,,Harvest Wild West Wagon Parts,,,,,,,,,,,,,
challengeHarvestCarPartsDesc,Challenges,Challenge,,,,"[DECEA3]Wild West Wagons[-] can be broken down into resources with [DECEA3]Salvage Tools[-].\n\nResources such as [DECEA3]Glue[-], [DECEA3]Forged Iron[-], and [DECEA3]Oil[-] are used in [DECEA3]Workstation[-] recipes.",,,,,,,,,,,,,
challengeHarvestCarPartsShort,Challenges,Challenge,,,,Harvest Wild West Wagons using a Salvage Tool to get resources.,,,,,,,,,,,,,

challengeHarvestElectricParts,Challenges,Challenge,,,,Harvest Connection Parts,,,,,,,,,,,,,
challengeHarvestElectricPartsDesc,Challenges,Challenge,,,,[DECEA3]Connection Parts[-] are used to craft [DECEA3]Switches[-] and other [DECEA3]Blocks[-] that use [DECEA3]Connections[-].\n\n[DECEA3]Wild West Wagons[-] can be harvested using a [DECEA3]Salvage Tool[-] to obtain [DECEA3]Connection Parts[-].\n\nHarvest some [DECEA3]Connection Parts[-].,,,,,,,,,,,,,
challengeHarvestElectricPartsShort,Challenges,Challenge,,,,Harvest some Connection Parts using a Wrench.,,,,,,,,,,,,,

challengeHarvestAnimals,Challenges,Challenge,,,,Harvest Animals,,Tiere zerlegen,Recolectar recursos de animales,Récolter sur les animaux,Raccogli dagli animali,動物解体,동물에게서 수집,Pozyskaj zasoby ze zwierząt,Coletar de Animais,Добыча с животных,Hayvan Topla,收集动物,宰殺動物
challengeHarvestAnimalsDesc,Challenges,Challenge,,,,Use [DECEA3]Knives[-] or other bladed tools and weapons to butcher an animal for resources.\n\n[DECEA3]Perks[-] can increase your harvest yield.\n\nNearby [DECEA3]Zombies[-] will be attracted to dead [DECEA3]Animals[-] so work quickly to secure your kill.,,"Nutze [DECEA3]Messer[-] oder andere Werkzeuge und Waffen mit Klingen, um Rohstoffe aus Tieren zu sammeln.\n\n[DECEA3]Eigenschaften[-] können deinen Ertrag verbessern.\n\n[DECEA3]Zombies[-] in der Nähe werden von toten [DECEA3]Tieren[-] angelockt, sichere deine Beute also schnell.","Usa [DECEA3]cuchillos[-] u otras herramientas o armas blancas para descuartizar un animal y obtener recursos.\n\nLos [DECEA3]beneficios[-] pueden aumentar tu rendimiento de recolección.\n\nLos [DECEA3]zombis[-] cercanos se sentirán atraídos por los [DECEA3]animales[-] muertos, así que trabaja rápido para asegurar tu presa.","Utilisez des [DECEA3]couteaux[-] ou autres armes et outils à lame pour dépecer un animal et trouver des ressources.\n\nLes [DECEA3]avantages[-] peuvent augmenter les rendements des récoltes.\n\nLes [DECEA3]zombies[-] proches sont attirés par les [DECEA3]animaux[-] morts, alors ne traînez pas pour sécuriser votre prise.","Usa i [DECEA3]coltelli[-] o altri strumenti con lama e armi per macellare un animale e ottenere risorse.\n\nLe [DECEA3]capacità[-] possono aumentare la tua produzione.\n\nGli [DECEA3]zombie[-] nelle vicinanze verranno attirati dagli [DECEA3]animali[-] morti, quindi sii veloce per proteggere la tua preda.",[DECEA3]ナイフ[-]などのブレード武器を使って動物を解体することで、素材を入手します。\n\n[DECEA3]特殊技能[-]を上げることで、素材の入手量を増やすことができます。\n\n近くにいる[DECEA3]ゾンビ[-]は[DECEA3]動物の死体[-]に引き寄せられるので、横取りされないようにしましょう。\n\n骨ナイフで動物を解体して生肉を入手する。,[DECEA3]나이프[-] 또는 기타 날붙이 도구나 무기로 동물을 도살하여 자원을 채집하세요.\n\n[DECEA3]특성[-]으로 수확물을 늘릴 수 있습니다.\n\n근처 [DECEA3]좀비[-]가 죽은 [DECEA3]동물[-]을 감지하고 다가올 수 있으니 최대한 빨리 작업하세요.,"Używaj [DECEA3]noży[-] lub innych narzędzi i broni z ostrzami, by zdobywać zasoby z martwych zwierząt.\n\n[DECEA3]Profity[-] mogą zwiększyć ilość pozyskiwanych zasobów.\n\nPobliskie [DECEA3]zombie[-] są zwabiane przez martwe [DECEA3]zwierzęta[-], więc działaj szybko, by nie zmarnować zdobyczy.","Use [DECEA3]facas[-] ou quaisquer ferramentas e armas afiadas para destrinchar um animal e coletar recursos.\n\n[DECEA3]Vantagens[-] podem aumentar o rendimento da coleta.\n\nOs [DECEA3]zumbis[-] próximos serão atraídos pelos [DECEA3]animais[-] mortos, então seja rápido.","Используйте [DECEA3]ножи[-] или другие режущие инструменты и оружие, чтобы освежевать животное и добыть ресурсы.\n\n[DECEA3]Умения[-] могут увеличивать количество добытых ресурсов.\n\nМертвые [DECEA3]животные[-] привлекут находящихся поблизости [DECEA3]зомби[-], поэтому действуйте быстро и защитите свою добычу.","Bir hayvanı doğrayarak kaynak elde etmek için [DECEA3]Bıçakları[-] veya diğer kesici alet ve silahları kullanabilirsin.\n\n[DECEA3]Avantajlar[-] topladığın kaynak miktarını artırabilir.\n\nYakınlardaki [DECEA3]Zombiler[-] de ölü [DECEA3]Hayvanlara[-] çekilecektir, bu yüzden elini çabuk tutmalısın.",使用[DECEA3]刀[-]或其他带刃工具和武器可屠宰动物以获得资源。\n\n[DECEA3]技能[-]可增加你的收获量。\n\n附近的[DECEA3]丧尸[-]会被死去的[DECEA3]动物[-]吸引，所以要迅速处理，以免你的猎物落入丧尸之手。,使用[DECEA3]刀[-]或其他帶刃工具與武器宰殺動物以取得資源。\n\n[DECEA3]技能[-]可以增加取得的資源量。\n\n附近的[DECEA3]殭屍[-]會受到[DECEA3]動物[-]死屍吸引，所以你必須加塊手腳，別讓你的獵物落入別人手中。
challengeHarvestAnimalsShort,Challenges,Challenge,,,,Harvest resources from a dead Animal with a Bladed Weapon.,,Sammle Rohstoffe von toten Tieren mit einem Knochenmesser.,Recolecta recursos de un animal muerto con un cuchillo de hueso.,Récoltez des ressources sur un animal mort avec un couteau en os.,Raccogli risorse da un animale morto con un pugnale d'osso.,動物の死骸をを骨ナイフ解体して素材を集める。,뼈칼로 죽은 동물에게서 자원을 채집하세요.,Pozyskaj zasoby z martwego zwierzęcia za pomocą kościanego noża.,Colete recursos de algum animal morto com uma faca de osso.,Добывайте ресурсы с мертвого животного с помощью костяного ножа.,Bir Kemik Bıçağı ile ölü bir Hayvandan kaynak topla.,用骨刀从死去的动物身上收获资源。,使用骨刀從動物屍體身上採集資源。

modVehicleSuperCharger,item_modifiers,Mod,,,,Horse Sugar Cubes Mod,,,,,,,,,,,,,
modVehicleSuperChargerDesc,item_modifiers,Mod,,,,"This horse sugar cubes mod increases acceleration and top speed.",,,,,,,,,,,,,
modVehicleSuperChargerSchematic,item_modifiers,Mod,,,,Horse Sugar Cubes Mod Schematic,,,,,,,,,,,,,
modGunMeleeRadRemover,item_modifiers,Mod,,,,Lucky Horseshoe Weapon Mod,,,,,,,,,,,,,
modGunMeleeRadRemoverDesc,item_modifiers,Mod,,,,"Will disable self healing from radiated hostiles for 90 seconds.",,,,,,,,,,,,,
modGunMeleeRadRemoverSchematic,item_modifiers,Mod,,,,Lucky Horseshoe Mod Schematic,,,,,,,,,,,,,
modGunBowArrowHandleGrip,item_modifiers,Mod,,,,Antler Bow Handle Grip Mod,,,,,,,,,,,,,
modGunBowArrowHandleGripDesc,item_modifiers,Mod,,,,"Attaching this mod to a bow gives it greater stability. Increases zombie damage by 15%.",,,,,,,,,,,,,
modGunBowArrowHandleGripSchematic,item_modifiers,Mod,,,,Antler Bow Handle Grip Mod Schematic,,,,,,,,,,,,,
modArcheryReload,item_modifiers,Mod,,,,Antler Reload Mod,,,,,,,,,,,,,
modArcheryReloadDesc,item_modifiers,Mod,,,,"Attaching this mod to a bow or crossbow increases reload speed by 15%.",,,,,,,,,,,,,
modArcheryReloadSchematic,item_modifiers,Mod,,,,Antler Reload Mod Schematic,,,,,,,,,,,,,
modArmorAgilityDesc,item_modifiers,Mod,,,,"This armor mod boosts your reflexes when added to headgear.\n\n+1 Agility",,,,,,,,,,,,,
modArmorFortitudeDesc,item_modifiers,Mod,,,,"This armor mod boosts the immune system when added to headgear.\n\n+1 Fortitude",,,,,,,,,,,,,
modArmorIntellectDesc,item_modifiers,Mod,,,,"This armor mod boosts your brainz when added to headgear.\n\n+1 Brainz",,,,,,,,,,,,,
modArmorPerceptionDesc,item_modifiers,Mod,,,,"This armor mod enhances sight and targeting when added to headgear.\n\n+1 Perception",,,,,,,,,,,,,
modArmorStrengthDesc,item_modifiers,Mod,,,,"This armor mod improves strength when added to headgear.\n\n+1 Strength",,,,,,,,,,,,,
modArmorTreasureHunterDesc,item_modifiers,Mod,,,,"This armor mod boosts learning speed and improves the user's ability to discover valuable loot and buried treasures when added to headgear.\n\n+10% XP Gain\n+5 Loot Stage\nTreasure Radius -1",,,,,,,,,,,,,

modArmorHelmetLight,item_modifiers,Mod,,,,Miner's Headlamp Mod,,,,,,,,,,,,,
modArmorHelmetLightSchematic,item_modifiers,Mod,,,,Miner's Headlamp Mod Schematic,,,,,,,,,,,,,
modArmorCowboyRunners,item_modifiers,Mod,,,,Cowboy Runners Mod,,,,,,,,,,,,,
modArmorCowboyRunnersDesc,item_modifiers,Mod,,,,"This cowboy runners modification increases running speed by 10%.",,,,,,,,,,,,,
modArmorCowboyRunnersSchematic,item_modifiers,Mod,,,,Cowboy Runners Mod Schematic,,,,,,,,,,,,,
modArmorDesertHareHelmetPelt,item_modifiers,Mod,,,,Desert Hare Hat Mod,,,,,,,,,,,,,
modArmorDesertHareHelmetPeltDesc,item_modifiers,Mod,,,,"This mod can be added to the dye slot in a hat or helmet. Do not wear in a Balloon. It greatly increases resistance to the cold (+15) and offers moderate protection against the heat (+5). The Desert Biome can go below freezing point at night when the Desert Hare is most active.",,,,,,,,,,,,,
modArmorSnowHareShoeWarmer,item_modifiers,Mod,,,,Snow Hare Shoe Warmer,,,,,,,,,,,,,
modArmorSnowHareShoeWarmerDesc,item_modifiers,Mod,,,,"This mod can be added to armoured footwear. It increases resistance to the cold (+10). Requires a Snow Hare Pelt from the Snow Biome.",,,,,,,,,,,,,
modDyeTan,item_modifiers,Mod,,,,Dye: Tan,,,,,,,,,,,,,
modDyeSandyTan,item_modifiers,Mod,,,,Dye: Sandy Tan,,,,,,,,,,,,,
modWeaponLubrication,item_modifiers,Mod,,,,Weapon Lubrication Mod,,,,,,,,,,,,,
modWeaponLubricationDesc,item_modifiers,Mod,,,,"The Weapon Lubrication Mod lowers degradation in weapons by 50% by reducing wear and tear.",,,,,,,,,,,,,
modWeaponLubricationSchematic,item_modifiers,Mod,,,,Weapon Lubrication Mod Schematic,,,,,,,,,,,,,
modMeleeStunBatonRepulsor,item_modifiers,Mod,,,,Weighted Shock Mod,,,,,,,,,,,,,
modMeleeStunBatonRepulsorDesc,item_modifiers,Mod,,,,Install this mod into a Steel Lance or Cosh Spitter and send zombies flying in shock.,,,,,,,,,,,,,
modGunSoundSuppressorSilencerDesc,item_modifiers,Mod,,,,"A sound suppressor greatly reduces the firing sound but reduces maximum range and damage.\nWorks best with small calibers and guns with a low rate of fire.\nWill not work on a pipe pistol revolver.",,,,,,,,,,,,,
modGunRevolverMagazineExtender,item_modifiers,Mod,,,,Revolver Speedloader Mod,,,,,,,,,,,,,
modGunRevolverMagazineExtenderDesc,item_modifiers,Mod,,,,"Attaching this mod to a revolver doubles ammo capacity. Does not attach to a Pipe Revolver.",,,,,,,,,,,,,
modGunRevolverMagazineExtenderSchematic,item_modifiers,Mod,,,,Revolver Speedloader Mod Schematic,,,,,,,,,,,,,
modGunShotgunTubeExtenderMagazineDesc,item_modifiers,Mod,,,,"Increases magazine capacity for pump shotguns by 4 shells.",,,,,,,,,,,,,
modGunWinchesterMagazineExtender,item_modifiers,Mod,,,,Winchester Speedloader Mod,,,,,,,,,,,,,
modGunWinchesterMagazineExtenderDesc,item_modifiers,Mod,,,,"The Winchester Speedloader Mod doubles the ammunition capacity of the Winchester Rifle and Legendary Tribe Winchester Rifle before requiring a full reload.",,,,,,,,,,,,,
modGunWinchesterMagazineExtenderSchematic,item_modifiers,Mod,,,,Winchester Speedloader Mod Schematic,,,,,,,,,,,,,

resourceBeeswaxDesc,items,Item,,,,Each piece of beeswax can craft 100 beeswax blob for arrow and bolt recipes.,,,,,,,,,,,,,
resourceBeeswaxBlob,items,Resource,,,,Beeswax Blob,,,,,,,,,,,,,
resourceBeeswaxBlobDesc,items,Resource,,,,"Used for crafting steel and beeswax-tipped arrows and bolts.",,,,,,,,,,,,,
resourceGreenPowder,items,Resource,,,,Green Powder,,,,,,,,,,,,,
resourceGreenPowderDesc,items,Resource,,,,"Green Crystals processed in the Chemistry Station produce Green Powder. A key ingredient in the manufacturing of Green Crystal Ammo.",,,,,,,,,,,,,

ammoBundleArrowSteelBeeswaxAP,items,Ammo,,,,Box of Steel Beeswax Arrows (100),,,,,,,,,,,,,
ammoBundleCrossbowBoltSteelBeeswaxAP,items,Ammo,,,,Box of Steel Beeswax Crossbow Bolts (100),,,,,,,,,,,,,
ammoArrowSteelBeeswaxAP,items,Ammo,,,,Steel Beeswax Arrow (Ammo),,,,,,,,,,,,,
ammoArrowSteelBeeswaxAPDesc,items,Ammo,,,,Steel and Beeswax-tipped arrows do yet even more damage and fly straighter.\nHold reload to use alternate ammo.,,,,,,,,,,,,,
ammoCrossbowBoltSteelBeeswaxAP,items,Ammo,,,,Steel Beeswax Crossbow Bolt (Ammo),,,,,,,,,,,,,
ammoCrossbowBoltSteelBeeswaxAPDesc,items,Ammo,,,,Steel and Beeswax-tipped bolts do yet even more damage and fly straighter.\nHold reload to use alternate ammo.,,,,,,,,,,,,,
ammo9mmGreenCrystal,items,Ammo,,,,Green Crystal Ammo (6),,,,,,,,,,,,,
ammo9mmGreenCrystalDesc,items,Ammo,,,,"Green Crystal Ammo has incendiary properties. Crafted in the Ammo Press using Green Powder, Bullet Tips and Bullet Cases",,,,,,,,,,,,
ammo762mmBulletAP,items,Ammo,,,,AP .50-90 Sharps Ammo,,,,,,,,,,,,,
ammo762mmBulletBall,items,Ammo,,,,.50-90 Sharps Ammo,,,,,,,,,,,,,
ammo762mmBulletBallDesc,items,Ammo,,,,"A regular .50-90 Sharps round used as firearm ammunition for hunting large game. Can be crafted at a workbench.",,,,,,,,,,,,,
ammo762mmBulletHP,items,Ammo,,,,HiPower .50-90 Sharps Ammo,,,,,,,,,,,,,
ammoBundle762mmBulletAP,items,Ammo,,,,Box of AP .50-90 Sharps Ammo (100),,,,,,,,,,,,,
ammoBundle762mmBulletBall,items,Ammo,,,,Box of .50-90 Sharps Ammo (100),,,,,,,,,,,,,
ammoBundle762mmBulletHP,items,Ammo,,,,Box of HP .50-90 Sharps Ammo (100),,,,,,,,,,,,,
gunRifleT0PipeRifleDesc,items,Gun,,,,"A home-made rifle firing .50-90 Sharps ammo.\n\nRepair with Short Iron Pipe.\nScrap to Iron.",,,,,,,,,,,,,
gunRifleT1HuntingRifleDesc,items,Gun,,,,"This common farmer's hunting rifle uses .50-90 Sharps ammo.\n\nRepair with a Repair Kit.\nScrap to Rifle parts.",,,,,,,,,,,,,
gunRifleT2LeverActionRifleDesc,items,Gun,,,,"This Lever Action rifle uses .50-90 Sharps ammo and is your first choice if you want to make that shot count.\n\nRepair with a Repair Kit.\nScrap to Rifle parts.",,,,,,,,,,,,,
perkAutoWeapons0Desc,progression,perk  book,,,,"Learn from top military expert Leonard 'Sarge' Barton how to shoot, maintain and maximize your skill with .50-90 Sharps automatic weapons.",,,,,,,,,,,,,
perkAutoWeaponsMachineGunsDesc,progression,perk  book,,,,Craft M60 Machine Guns in your dreams.,,,,,,,,,,,,,
perkAutoWeaponsMachineGunsLongDesc,progression,perk  book,,,,"Machine guns: They call her Ol' painless for a reason. Be the badass on the battlefield in your dreams. One day M60 Machine guns will become a thing.",,,,,,,,,,,,,
perkBatterUp0Desc,progression,perk  book,,,,"Learn how to swing a club or kitchen tool and knock those heads from their shoulders.",,,,,,,,,,,,,
perkBatterUp0Name,progression,perk  book,,,,Tooled Up!,,,,,,,,,,,,,
perkBatterUpBaseballBatsLongDesc,progression,perk  book,,,,"Clubbing: Before shotguns, coshes were all the rage but they must have had weaker zombies. It's time to up your game! You can craft steel clubs.",,,,,,,,,,,,,
perkBatterUpBigHitsLongDesc,progression,perk  book,,,,"Big Hits: Knock the heads from their shoulders with this technique. Do 10% more damage with clubs.",,,,,,,,,,,,,
perkBatterUpMaintenanceDesc,progression,perk  book,,,,Clubs and kitchen tools degrade 20% slower.,,,,,,,,,,,,,
perkBatterUpMaintenanceLongDesc,progression,perk  book,,,,"Maintenance: Learn how to care for your clubs and kitchen tools and they will last a long time. Clubs and kitchen tools degrade 20% slower.",,,,,,,,,,,,,
perkBatterUpMetalChainDesc,progression,perk  book,,,,Craft chain modifications for clubs and kitchen tools.,,,,,,,,,,,,,
perkBatterUpMetalChainLongDesc,progression,perk  book,,,,"Metal Chain Mod. Don't have enough knock down power? Learn to craft a metal chain modification and increase your stock in the wheelchair business.",,,,,,,,,,,,,
perkSniperAPAmmoDesc,progression,perk  book,,,,"Craft AP .50-90 Sharps ammunition.",,,,,,,,,,,,,
perkSniperAPAmmoLongDesc,progression,perk  book,,,,"Armor Piercing Ammunition: Learn to craft armor piercing .50-90 Sharps ammunition and do more damage against armored opponents.",,,,,,,,,,,,,
perkSniperCompleteDesc,progression,perk  book,,,,"You can craft a ghillie suit. Bulk craft all .50-90 Sharps ammo.",,,,,,,,,,,,,
perkSniperCompleteLongDesc,progression,perk  book,,,,"Ghost: Blend in with your environment and become the ultimate assassin by wearing a camouflage ghillie suit. You can craft a ghillie suit. Bulk Craft all .50-90 Sharps ammo.",,,,,,,,,,,,,
perkSniperHPAmmoDesc,progression,perk  book,,,,"Craft HiPower .50-90 Sharps ammunition.",,,,,,,,,,,,,
perkSniperHPAmmoLongDesc,progression,perk  book,,,,"Learn to craft HiPower .50-90 Sharps ammunition.",,,,,,,,,,,,,
ammo9mmBulletAP,items,Ammo,,,,AP .38 Short Colt Ammo,,,,,,,,,,,,,
ammo9mmBulletBall,items,Ammo,,,,.38 Short Colt Ammo,,,,,,,,,,,,,
ammo9mmBulletBallDesc,items,Ammo,,,,A .38 Short Colt round used as firearm ammunition. Can be crafted at a workbench.,,,,,,,,,,,,,
ammo9mmBulletHP,items,Ammo,,,,HiPower .38 Short Colt Ammo,,,,,,,,,,,,,
ammoBundle9mmBulletAP,items,Ammo,,,,Box of AP .38 Short Colt Ammo (100),,,,,,,,,,,,,
ammoBundle9mmBulletBall,items,Ammo,,,,Box of .38 Short Colt Ammo (100),,,,,,,,,,,,,
ammoBundle9mmBulletHP,items,Ammo,,,,Box of HP .38 Short Colt Ammo (100),,,,,,,,,,,,,

clothingSkillMagazine,items,Armor,,,,Clothing On,,,,,,,,,,,,,
clothingSkillMagazineDesc,items,Armor,,,,Increase your ability to withstand the weather with insulated undergarment clothing.\n\nImproves Insulated Undergarment Clothing Crafting Skills.,,,,,,,,,,,,,
craftingMedicGunsLongDesc,progression,Attribute,,x,,CURRENTLY NOT USED,,,,,,,,,,,,,
craftingClothingDesc,progression,Attribute,,,,Reading [DECEA3]Clothing On[-] will increase the quality of crafted insulated clothing.\nMagazines are only found in the Trader inventory.,,,,,,,,,,,,,
craftingClothingName,progression,Attribute,,,,Insulated Undergarment Clothing,,,,,,,,,,,,,

clothingT1,progression,Attribute,,,,Tattered Clothing,,,,,,,,,,,,,
clothingT2,progression,Attribute,,,,Patchwork Clothing,,,,,,,,,,,,,
clothingT3,progression,Attribute,,,,ThermaCore Clothing,,,,,,,,,,,,,

apparelArmyPants,items,Clothes,,,,Army Pants,,,,,,,,,,,,,
apparelArmyShirt,items,Clothes,,,,Army Shirt,,,,,,,,,,,,,
apparelCoatJacketGeneric,items,Clothes,,,,Padded Llama Wool Jacket,,,,,,,,,,,,,
apparelCoatJacketGroupDesc,items,Clothes,,,,"A padded llama wool jacket will keep you warm in cold environments.",,,,,,,,,,,,,
apparelCoatJacketLetterZU,items,Clothes,,,,Padded Aztec Jacket,,,,,,,,,,,,,
apparelCoatJacketLetterZUDesc,items,Clothes,,,,"Feel like a mountain hare in this padded aztec jacket. Run 10% faster.",,,,,,,,,,,,,
apparelCoatPufferCoat,items,Clothes,,,,Padded Alpaca Coat,,,,,,,,,,,,,
apparelCoatPufferCoatDesc,items,Clothes,,,,"Keep toasty warm even in the coldest environments with this hand quilted Padded Alpaca Coat.",,,,,,,,,,,,,
apparelGhillieSuitHood,items,Clothes,,,,Hermit Hood,,,,,,,,,,,,,
apparelGhillieSuitJacket,items,Clothes,,,,Hermit Jacket,,,,,,,,,,,,,
apparelGhillieSuitPants,items,Clothes,,,,Hermit Pants,,,,,,,,,,,,,
apparelGhillieSuitGroupDesc,items,Clothes,,,,"A hermit suit can greatly reduce your visibility when outdoors and to some degree when indoors.",,,,,,,,,,,,,
apparelGothBoots,items,Clothes,,,,Gothic Western Boots,,,,,,,,,,,,,
apparelGothPants,items,Clothes,,,,Gothic Western Pants,,,,,,,,,,,,,
apparelHoodySweatshirt,items,Clothes,,,,Hooded Settler Top,,,,,,,,,,,,,
apparelNerdGlasses,items,Clothes,,,,New Frontier Spectacles,,,,,,,,,,,,,
apparelNerdGlassesDesc,items,Clothes,,,,"Wearing these New Frontier spectacles might not help your sex appeal but you get better at crafting and gain extra XP.",,,,,,,,,,,,,
apparelOveralls,items,Clothes,,,,Rancher Overalls,,,,,,,,,,,,,
apparelPressboyCap,items,Clothes,,,,Newsie Cap,,,,,,,,,,,,,
apparelRunningShoesHP,items,Clothes,,,,Racey Resin Plimsolls,,,,,,,,,,,,,
apparelRunningShoesRegular,items,Clothes,,,,Resin Plimsolls,,,,,,,,,,,,,
apparelShades,items,Clothes,,,,Sunglasses,,,,,,,,,,,,,
apparelSkiGoggles,items,Clothes,,,,Snow Goggles,,,,,,,,,,,,,
apparelSkiGogglesDesc,items,Clothes,,,,"Snow Goggles pimp your look and boost your agility.",,,,,,,,,,,,,
apparelSkullCap,items,Clothes,,,,Woolen Cap,,,,,,,,,,,,,
apparelSweatshirt,items,Clothes,,,,Settler Top,,,,,,,,,,,,,
apparelTankTop,items,Clothes,,,,Under Vest,,,,,,,,,,,,,
apparelTankTopDesc,items,Clothes,,,,"Show off your biceps while getting a little protection against the weather with this cotton under vest.",,,,,,,,,,,,,
apparelToughGuySunglasses,items,Clothes,,,,Rancher Sunglasses,,,,,,,,,,,,,
apparelToughGuySunglassesDesc,items,Clothes,,,,"Look like a badass action hero in these cool rancher sunglasses and boost your fortitude!",,,,,,,,,,,,,
apparelTShirtPlain,items,Clothes,,,,Under Shirt,,,,,,,,,,,,,
apparelTShirtZU,items,Clothes,,,,Fancy Under Shirt,,,,,,,,,,,,,

drugNerdTatsDesc,items,Medical,,,,"Channel your inner nerd powers!\nStun weapons and mods impact nearby enemies.",,,,,,,,,,,,,

meleeToolRepairT2Tomahawk1,items,Tool,,,,Tomahawk (Spike),,,,,,,,,,,,,
meleeToolRepairT2Tomahawk1Desc,items,Tool,,,,"The Spike Tomahawk is great for repairing and upgrading, chopping, butchering, and as a weapon.\n\nRepair with a Repair Kit.\nScrap to Iron.",,,,,,,,,,,,,
meleeToolRepairT2Tomahawk2,items,Tool,,,,Tomahawk (Hammer),,,,,,,,,,,,,
meleeToolRepairT2Tomahawk2Desc,items,Tool,,,,"The Hammer Tomahawk is great for repairing and upgrading, chopping, butchering, and as a weapon.\n\nRepair with a Repair Kit.\nScrap to Iron.",,,,,,,,,,,,,
meleeToolPickT3BlueCrystalSteelPickaxe,items,Tool,,,,Crystal Pickaxe (Blue),,,,,,,,,,,,,
meleeToolPickT3BlueCrystalSteelPickaxeDesc,items,Tool,,,,"The Blue Crystal Pickaxe provides an upgrade to the Steel Pickaxe with greater damage, durability, and stamina efficiency.\n\nRepair with a Repair Kit.\nScrap to Steel Tool parts.",,,,,,,,,,,,,
meleeToolPickT3GreenCrystalSteelPickaxe,items,Tool,,,,Crystal Pickaxe (Green),,,,,,,,,,,,,
meleeToolPickT3GreenCrystalSteelPickaxeDesc,items,Tool,,,,"The Green Crystal Pickaxe provides an upgrade to the Steel Pickaxe with greater damage, durability, and stamina efficiency.\n\nRepair with a Repair Kit.\nScrap to Steel Tool parts.",,,,,,,,,,,,,
meleeWpnKnucklesT0LeatherKnuckles,items,Melee,,,,Boxing Wraps,,,,,,,,,,,,,
meleeWpnKnucklesT0LeatherKnucklesDesc,items,Melee,,,,"Boxing Wraps to protect your hands and put some weight into those swings.\n\nRepair with Cloth.\nScrap to Cloth.",,,,,,,,,,,,,
meleeWpnBladeT0ScrapCleaver,items,Melee,,,,Cleaver (Scrap),,,,,,,,,,,,,
meleeWpnBladeT0ScrapCleaverDesc,items,Melee,,,,Great for slashing zombies and gutting animals for meat.\nRegular attacks cause 1 Bleeding Wound and power attacks at least 2.\nRepair with a Repair Kit.\nScrap to Iron.,,,,,,,,,,,,,
meleeWpnBladeT1HuntingKnifeObsidian,items,Melee,,,,Hunting Knife (Obsidian),,,,,,,,,,,,,
meleeWpnBladeT1HuntingKnifeObsidianDesc,items,Melee,,,,Great for slashing zombies and gutting animals for meat.\nRegular attacks cause 1 Bleeding Wound and power attacks at least 2.\nRepair with a Repair Kit.\nScrap to Iron.,,,,,,,,,,,,,,,
meleeWpnBladeT1HuntingKnifeMedusa,items,Melee,,,,Hunting Knife (Medusa),,,,,,,,,,,,,
meleeWpnBladeT1HuntingKnifeMedusaDesc,items,Melee,,,,Great for slashing zombies and gutting animals for meat.\nRegular attacks cause 1 Bleeding Wound and power attacks at least 2.\nRepair with a Repair Kit.\nScrap to Iron.,,,,,,,,,,,,,
meleeWpnBladeT1IronCleaver,items,Melee,,,,Cleaver (Kitchen),,,,,,,,,,,,,
meleeWpnBladeT1IronCleaverDesc,items,Melee,,,,Great for slashing zombies and gutting animals for meat.\nRegular attacks cause 1 Bleeding Wound and power attacks at least 2.\nRepair with a Repair Kit.\nScrap to Iron.,,,,,,,,,,,,,
meleeWpnBladeT3MacheteMini,items,Melee,,,,Machete (Mini),,,,,,,,,,,,,
meleeWpnBladeT3MacheteMiniDesc,items,Melee,,,,Great for chopping zombies and sometimes trees and gutting animals for meat.\nRegular attacks cause 1 Bleeding Wound and power attacks at least 2.\nRepair with a Repair Kit.\nScrap to Machete parts.,,,,,,,,,,,,,
meleeWpnBladeT3SteelCleaver,items,Melee,,,,Cleaver (Surgeon),,,,,,,,,,,,,
meleeWpnBladeT3SteelCleaverDesc,items,Melee,,,,Great for chopping zombies and sometimes trees and gutting animals for meat.\nRegular attacks cause 1 Bleeding Wound and power attacks at least 2.\nRepair with a Repair Kit.\nScrap to Machete parts.,,,,,,,,,,,,,
meleeWpnClubT0WoodenClub,items,Melee,,,,Hunting Club,,,,,,,,,,,,,
meleeWpnClubT0WoodenClubDesc,items,Melee,,,,"A wooden hunting club. Also good for breaking knees and skulls.\n\nRepair with Wood.\nScrap to Wood.",,,,,,,,,,,,,
meleeWpnClubT1BaseballBat,items,Melee,,,,Cosh,,,,,,,,,,,,,
meleeWpnClubT1BaseballBatDesc,items,Melee,,,,"This cosh was used in gladiatorial games of the past that were held in huge arenas.\n\nRepair with a Repair Kit.\nScrap to Wood.",,,,,,,,,,,,,
meleeWpnSledgeT1IronSledgehammer,items,Melee,,,,Railroad Pin Hammer,,,,,,,,,,,,,
meleeWpnSledgeT1IronSledgehammerDesc,items,Melee,,,,"The Railroad Pin Hammer is one of the best weapons for cracking skulls.\n\nRepair with a Repair Kit.\nScrap to Iron.",,,,,,,,,,,,,
meleeWpnSledgeT3SteelSledgehammer,items,Melee,,,,Blacksmith's Hammer,,,,,,,,,,,,,
meleeWpnSledgeT3SteelSledgehammerDesc,items,Melee,,,,"The Blacksmith's Hammer is one of the best weapons for cracking skulls.\n\nRepair with a Repair Kit.\nScrap to Blacksmith's Hammer Parts.",,,,,,,,,,,,,
meleeWpnSledgeT3SteelSledgehammerParts,items,Melee,,,,Blacksmith's Hammer Parts,,,,,,,,,,,,,
meleeWpnSpearT0StoneSpear,items,Melee,,,,Hunting Spear,,,,,,,,,,,,,
meleeWpnSpearT0StoneSpearDesc,items,Melee,,,,"Spears have more range than other melee weapons.\nRepair with Small Stone.\nScrap to Small Stone.",,,,,,,,,,,,,
meleeWpnSpearT1IronSpear,items,Melee,,,,Warrior Spear,,,,,,,,,,,,,
meleeWpnSpearT1IronSpearDesc,items,Melee,,,,"Spears have more range than other melee weapons.\n\nRepair with a Repair Kit.\nScrap to Iron.",,,,,,,,,,,,,
meleeWpnSpearT3SteelSpear,items,Melee,,,,Steel Lance,,,,,,,,,,,,,
meleeWpnSpearT3SteelSpearDesc,items,Melee,,,,"Lances have more range than other melee weapons.\n\nRepair with a Repair Kit.\nScrap to Steel Lance Parts.",,,,,,,,,,,,,
meleeWpnSpearT3SteelSpearParts,items,Melee,,,,Steel Lance Parts,,,,,,,,,,,,,
meleeWpnClubT0Ladle,items,Melee,,,,Ladle,,,,,,,,,,,,,
meleeWpnClubT0LadleDesc,items,Melee,,,,"A homestead kitchen ladle. Also good for breaking knees and skulls.\n\nRepair with Repair Kit.\nScrap to Scrap Iron.",,,,,,,,,,,,,
meleeWpnClubT1OldPan,items,Melee,,,,Pan,,,,,,,,,,,,,
meleeWpnClubT1OldPanDesc,items,Melee,,,,"A homestead kitchen pan. Also good for breaking knees and skulls.\n\nRepair with Repair Kit.\nScrap to Scrap Iron.",,,,,,,,,,,,,
meleeWpnClubT3Skillet,items,Melee,,,,Skillet,,,,,,,,,,,,,
meleeWpnClubT3SkilletDesc,items,Melee,,,,"A homestead kitchen skillet. Also good for breaking knees and skulls.\n\nRepair with Repair Kit.\nScrap to Scrap Iron.",,,,,,,,,,,,,
meleeWpnBatonT2StunBaton,items,Melee,,,,Cosh Spitter,,,,,,,,,,,,,
meleeWpnBatonT2StunBatonDesc,items,Melee,,,,"Goes zap.\n\nRepair with a Repair Kit.\nScrap to Scrap Iron.",,,,,,,,,,,,,
gunBowT0PrimitiveBow,items,Gun,,,,Hunting Bow,,,,,,,,,,,,,
gunBowT0PrimitiveBowDesc,items,Gun,,,,"Good for hunting and killing zombies. Uses arrows for ammunition.\nHold reload to use alternate ammo.\n\nRepair with Wood.\nScrap to Wood.",,,,,,,,,,,,,
gunBowT1WoodenBow,items,Gun,,,,Warrior Bow,,,,,,,,,,,,,
gunBowT1WoodenBowDesc,items,Gun,,,,"Good for hunting and killing zombies. Uses arrows for ammunition.\nHold reload to use alternate ammo.\n\nRepair with a Repair Kit.\nScrap to Bow / Crossbow Parts.",,,,,,,,,,,,,
gunHandgunT0PipePistol,items,Gun,,,,Pipe Revolver,,,,,,,,,,,,,
gunHandgunT0PipePistolDesc,items,Gun,,,,"A home-made revolver firing .38 Short Colt ammo.\n\nRepair with Short Iron Pipe.\nScrap to Iron.",,,,,,,,,,,,,
gunRifleT2LeverActionRifleWinchester,items,Gun,,,,Winchester Rifle,,,,,,,,,,,,,
gunRifleT2LeverActionRifleWinchesterDesc,items,Gun,,,,"This Winchester Rifle uses .44mm ammo and will make anyone's day.",,,,,,,,,,,,,
gunRifleT2LeverActionRifleLegendaryTribeWinchester,items,Gun,,,,Legendary Tribe Winchester Rifle,,,,,,,,,,,,,
gunRifleT2LeverActionRifleLegendaryTribeWinchesterDesc,items,Gun,,,,"This Legendary Tribe Winchester Rifle uses .44mm ammo. It is a one of its kind custom made weapon.",,,,,,,,,,,,,
gunGatling,items,Item,,,,Gatling Prototype,,,,,,,,,,,,,
gunGatlingDesc,items,item,,,,"A prototype mobile gatling gun with a devastating rotary firing mechanism. Heavy and cumbersome, with a movement penalty. Can craft to Quality 6 but needs a Zombie Crater Bear Tooth from the right side of its jaw, as part of the crafting recipe, and for repairs. This can be found in the Wasteland. Some have said this mysterious creature bears a striking resemblance to Momma Boar Grace. Fires .50-90 Sharps ammo.",,,,,,,,,,,,,
gunBotT2JunkTurretWildWest,items,item,,,,Wild West Scrap Spitter,,,,,,,,,,,,,
gunBotT2JunkTurretWildWestDesc,items,item,,,,"The Wild West Scrap Spitter uses steam pressure to release projectiles at incoming hostiles. It incorporates a sophisticated mechanical gyroscope to sense signature vibrations, and then targets with a unique red crystal prism and beam focuser. As the beam bounces back onto a copper collector, it stimulates the firing mechanism. The red crystal has been blessed by a spiritual healer. Can be crafted to Quality Level 6.",,,,,,,,,,,,,
gunBotT2JunkTurretWildWest,entityclasses,Entity,,,,Wild West Scrap Spitter,,,,,,,,,,,,,
turretPickUp,UI,HUD,,,,Pick up Gatspit Weapon,,,,,,,,,,,,,

gunTurretWildWest,items,item,,,,Gatling Turret,,,,,,,,,,,,,
gunTurretWildWestDesc,items,item,,,,"The Gatling Turret is an upgrade from the Scrap Spitter. It can be placed for auto turret support, or fired in single shot mode when held. It uses custom ammo.",,,,,,,,,,,,,
gunTurretWildWest,entityclasses,Entity,,,,Gatling Turret,,,,,,,,,,,,,
ammoTurretRegular,items,item,,,,Gatling 9x19 Ammo,,,,,,,,,,,,,
ammoTurretRegularDesc,items,Ammo,,,,"Regular ammunition for a Gatling Turret is made on the Ammo Press.",,,,,,,,,,,,,
ammoTurretAP,items,item,,,,Gatling AP 9x19 Ammo,,,,,,,,,,,,,
ammoTurretAPDesc,items,Ammo,,,,"AP ammunition for a Gatling Turret is made on the Ammo Press.",,,,,,,,,,,,,
ammoBundleTurretRegular,items,item,,,,Box of Gatling Regular 9x19 Ammo (1000),,,,,,,,,,,,,
ammoBundleTurretAP,items,item,,,,Box of Gatling AP 9x19 Ammo (1000),,,,,,,,,,,,,

gunHandgunT1666Revolver,items,item,,,,Revolver - 666,,,,,,,,,,,,,
gunHandgunT1666RevolverDesc,items,item,,,,"The 666 Revolver is a trustworthy hand piece with limited stopping power. It makes up for this with a rapid fire mechanism. Fires .38 Short Colt ammo.",,,,,,,,,,,,,
gunHandgunT2RavenRevolver,items,item,,,,Revolver - Raven,,,,,,,,,,,,,
gunHandgunT2RavenRevolverDesc,items,item,,,,"The Raven Revolver brings out the best in all who behold it. Fires .44 Henry ammo.",,,,,,,,,,,,,
gunHandgunT3SchofieldRevolver,items,item,,,,Revolver - Schofield,,,,,,,,,,,,,
gunHandgunT3SchofieldRevolverDesc,items,item,,,,"This custom Schofield Revolver is an all round legend. Fires .44 Henry ammo.",,,,,,,,,,,,,
thrownAmmoMolotovCocktail,items,Gun,,,,Bottle Bomb (Incendiary Ammo),,,,,,,,,,,,,
thrownAmmoMolotovCocktailDesc,items,Gun,,,,"Page one of the Settler's Cookbook.\nLight with [action:local:Secondary]\nThrow with [action:local:Primary]",,,,,,,,,,,,,
thrownTimedDynamite,items,Gun,,,,Timed Dynamite (Ammo),,,,,,,,,,,,,
thrownTimedDynamiteDesc,items,Gun,,,,"Timed Dynamite that applies highly concentrated damage on safes and doors. Entities in close proximity will suffer.\nPrime with [action:local:Secondary]\nThrow with [action:local:Primary]",,,,,,,,,,,,,
ammoBundleJunkTurretAP,items,Ammo,,,,Box of AP Wild West Scrap Spitter Ammo (1000),,,,,,,,,,,,,
ammoBundleJunkTurretRegular,items,Ammo,,,,Box of Wild West Scrap Spitter Ammo (1000),,,,,,,,,,,,,
ammoBundleJunkTurretShell,items,Ammo,,,,Box of Wild West Scrap Spitter Shell Ammo (1000),,,,,,,,,,,,,
ammoJunkTurretAP,items,Ammo,,,,AP Wild West Scrap Spitter Ammo,,,,,,,,,,,,,
ammoJunkTurretRegular,items,Ammo,,,,Wild West Scrap Spitter Ammo,,,,,,,,,,,,,
ammoJunkTurretRegularDesc,items,Ammo,,,,"Simple ammunition for a Wild West Scrap Spitter, cobbled together from bits of scrap iron.",,,,,,,,,,,,,
ammoJunkTurretShell,items,Ammo,,,,Wild West Scrap Spitter Shells (Ammo),,,,,,,,,,,,,
ammo44MagnumBulletAP,items,Ammo,,,,AP .44 Henry Ammo,,,,,,,,,,,,,
ammo44MagnumBulletBall,items,Ammo,,,,.44 Henry Ammo,,,,,,,,,,,,,
ammo44MagnumBulletBallDesc,items,Ammo,,,,"A .44 Henry round used as Winchester, Raven, and Schofield ammunition. Can be crafted at a workbench.",,,,,,,,,,,,,
ammo44MagnumBulletHP,items,Ammo,,,,HiPower .44 Henry Ammo,,,,,,,,,,,,,
ammoBundle44MagnumBulletAP,items,Ammo,,,,Box of AP .44 Henry Ammo (100),,,,,,,,,,,,,
ammoBundle44MagnumBulletBall,items,Ammo,,,,Box of .44 Henry Ammo (100),,,,,,,,,,,,,
ammoBundle44MagnumBulletHP,items,Ammo,,,,Box of HP .44 Henry Ammo (100),,,,,,,,,,,,,
ammo44MagnumBulletSilver,items,Ammo,,,,Silver .44 Henry Ammo,,,,,,,,,,,,,
ammo44MagnumBulletSilverDesc,items,Ammo,,,,"Silver .44 Henry Ammo is used in the Winchester rifles and .44 Henry revolvers. Crafted on the Ammo Bench. It is a highly penetrative round for extreme occasions.",,,,,,,,,,,,,
ammoBundle44MagnumBulletSilver,items,Ammo,,,,Box of Silver .44 Henry Ammo (15),,,,,,,,,,,,,
ammoBundle44MagnumBulletSilverDesc,items,Ammo,,,,"Silver .44 Henry Ammo is used in the Winchester rifles and .44 Henry revolvers. Crafted on the Ammo Bench. It is a highly penetrative round for extreme occasions.",,,,,,,,,,,,,

ammoGasCan,items,Item,,,,Kerosene Jar,,,,,,,,,,,,,
ammoGasCanBundle,items,Item,,,,Stack of Kerosene Jars (5000),,,,,,,,,,,,,
ammoGasCanBundleDesc,items,Item,,,,"This is a compact stack of kerosene jars. Use this item to open and unpack it.",,,,,,,,,,,,,
ammoGasCanDesc,items,Item,,,,"A jar of kerosene. Can be used as fuel for recipes.\nCrafted in lots of 2.",,,,,,,,,,,,,
ammoSteamHorse,items,Item,,,,Steam Horse Fuel,,,,,,,,,,,,,
ammoSteamHorseDesc,items,Item,,,,"A jar of steam horse fuel.",,,,,,,,,,,,,

resourceLegendaryParts,items,Item,,,,Quality 6 Parts,,,,,,,,,,,,,
resourceLegendaryPartsDesc,items,Item,,,,"Preserved in their factory packaging, these parts are the key to crafting the best quality gear.\n\nUsed to craft quality 6 armor, tools, and weapons.",,,,,,,,,,,,,
perkWasteTreasuresCompleteDesc,progression,perk  book,,,,Find more Quality 6 Parts.,,,,,,,,,,,,,
perkWasteTreasuresCompleteLongDesc,progression,perk  book,,,,Quality 6 Parts: Unbelievable that someone left these behind. Increase your chances of finding Quality 6 Parts amidst the loot.,,,,,,,,,,,,,

bookEnforcerAPAmmo,items,perk  book,,,,Henry Vol 5,,,,,,,,,,,,,
bookEnforcerApparel,items,perk  book,,,,Henry Vol 2,,,,,,,,,,,,,
bookEnforcerCriminalPursuit,items,perk  book,,,,Henry Vol 7,,,,,,,,,,,,,
bookEnforcerDamage,items,perk  book,,,,Henry Vol 1,,,,,,,,,,,,,
bookEnforcerHPAmmo,items,perk  book,,,,Henry Vol 6,,,,,,,,,,,,,
bookEnforcerIntimidation,items,perk  book,,,,Henry Vol 4,,,,,,,,,,,,,
bookEnforcerPunks,items,perk  book,,,,Henry Vol 3,,,,,,,,,,,,,
perkEnforcer0Desc,progression,perk  book,,,,An autobiography about a .44 Henry wielding sheriff with an attitude.,,,,,,,,,,,,,
perkEnforcer0Name,progression,perk  book,,,,Henry,,,,,,,,,,,,,
perkEnforcerAPAmmoDesc,progression,perk  book,,,,You can craft AP .44 Henry ammunition.,,,,,,,,,,,,,
perkEnforcerCompleteName,progression,perk  book,,,,Henry - Completion,,,,,,,,,,,,,
perkEnforcerDamageLongDesc,progression,perk  book,,,,Damage: The .44 Henry is the most powerful ammo in the Wild West. Do 10% more damage with .44 guns.,,,,,,,,,,,,,
perkEnforcerHPAmmoDesc,progression,perk  book,,,,You can craft HiPower .44 Henry ammunition.,,,,,,,,,,,,,
perkEnforcerHPAmmoLongDesc,progression,perk  book,,,,The most powerful ammo in the Wild West just got more powerful. You can craft HiPower .44 Henry ammunition.,,,,,,,,,,,,,

perkGreatHeistAdrenalineFallLongDesc,progression,perk  book,,,,"Adrenaline Fall: Use adrenaline to your full advantage. You can fall up to 15 meters without taking damage while carrying 5000 Liberty Coins or more.",,,,,,,,,,,,,
perkGreatHeistMotionDetectionDesc,progression,perk  book,,,,"Sneak past detection devices.",,,,,,,,,,,,,
perkGreatHeistMotionDetectionLongDesc,progression,perk  book,,,,"Motion Detection: The best loot typically has defense systems like tin cans on a string. Motion detection devices will not recognize you for 3 seconds when sneaking.",,,,,,,,,,,,,
perkGreatHeistTimedChargeDesc,progression,perk  book,,,,"Learn how to craft timed dynamite.",,,,,,,,,,,,,
perkGreatHeistTimedChargeLongDesc,progression,perk  book,,,,"Timed Dynamite: No vault door or safe will stop a master thief armed with timed dynamite. Learn how to craft timed dynamite.",,,,,,,,,,,,,

bookPistolPeteAPAmmo,items,perk  book,,,,.38 SC Gunslinger Sam Vol 6,,,,,,,,,,,,,
bookPistolPeteDamage,items,perk  book,,,,.38 SC Gunslinger Sam Vol 7,,,,,,,,,,,,,
bookPistolPeteHPAmmo,items,perk  book,,,,.38 SC Gunslinger Sam Vol 5,,,,,,,,,,,,,
bookPistolPeteMaintenance,items,perk  book,,,,.38 SC Gunslinger Sam Vol 4,,,,,,,,,,,,,
bookPistolPeteSteadyHand,items,perk  book,,,,.38 SC Gunslinger Sam Vol 3,,,,,,,,,,,,,
bookPistolPeteSwissKnees,items,perk  book,,,,.38 SC Gunslinger Sam Vol 2,,,,,,,,,,,,,
bookPistolPeteTakeAim,items,perk  book,,,,.38 SC Gunslinger Sam Vol 1,,,,,,,,,,,,,
perkPistolPete0Desc,progression,perk  book,,,,".38 Short Colt Gunslinger Sam is the .38 Short Colt revolver enthusiast's one stop shop to learn about revolvers.",,,,,,,,,,,,,
perkPistolPete0Name,progression,perk  book,,,,.38 Short Colt Gunslinger Sam,,,,,,,,,,,,,
perkPistolPeteAPAmmoDesc,progression,perk  book,,,,"Craft AP .38 Short Colt ammunition.",,,,,,,,,,,,,
perkPistolPeteAPAmmoLongDesc,progression,perk  book,,,,"Armor Piercing Ammunition: Armor piercing rounds do considerably more damage against armored targets. Craft AP .38 Short Colt ammunition.",,,,,,,,,,,,,
perkPistolPeteCompleteDesc,progression,perk  book,,,,"Powder burns: Shots fired at point blank ignore armor. Bulk craft .38 Short Colt ammunition.",,,,,,,,,,,,,
perkPistolPeteCompleteLongDesc,progression,perk  book,,,,"Powder Burns: Shots from .38 Short Colt weapons fired at point blank range ignore 20% of armor and cause bleeding damage. Bulk Craft all types of .38 Short Colt ammunition.",,,,,,,,,,,,,
perkPistolPeteCompleteName,progression,perk  book,,,,.38 Short Colt Gunslinger Sam - Completion,,,,,,,,,,,,,
perkPistolPeteDamageDesc,progression,perk  book,,,,"Inflict 10% more damage with .38 Short Colt weapons.",,,,,,,,,,,,,
perkPistolPeteDamageLongDesc,progression,perk  book,,,,"Maximum Damage: Inflict 10% more damage with .38 Short Colt weapons.",,,,,,,,,,,,,
perkPistolPeteHPAmmoDesc,progression,perk  book,,,,"You can craft HiPower .38 Short Colt ammunition.",,,,,,,,,,,,,
perkPistolPeteHPAmmoLongDesc,progression,perk  book,,,,"These rounds do more damage on impact. Craft HiPower .38 Short Colt ammunition.",,,,,,,,,,,,,
perkPistolPeteMaintenanceDesc,progression,perk  book,,,,"Revolvers degrade 20% slower.",,,,,,,,,,,,,
perkPistolPeteMaintenanceLongDesc,progression,perk  book,,,,"Tired of your weapon falling apart? This trick will keep them from degrading so fast. .38 Short Colt Weapons degrade 20% slower.",,,,,,,,,,,,,
perkPistolPeteSteadyHandDesc,progression,perk  book,,,,"More accurate when rapid firing .38 Short Colt weapons.",,,,,,,,,,,,,
perkPistolPeteSteadyHandLongDesc,progression,perk  book,,,,"A steady hand means more targets hit and less ammo wasted. You are more accurate when rapid firing .38 Short Colt weapons.",,,,,,,,,,,,,
perkPistolPeteTakeAimDesc,progression,perk  book,,,,".38 Short Colt weapons have 20% more range when sighted.",,,,,,,,,,,,,
perkPistolPeteTakeAimLongDesc,progression,perk  book,,,,"Take aim: .38 Short Colt weapons have 20% more range when using a scope or iron sights.",,,,,,,,,,,,,

bookTechJunkie1Damage,items,perk  book,,,,Great Gatspit 'n' Steel Lance Vol 1,,,,,,,,,,,,,
bookTechJunkie2Maintenance,items,perk  book,,,,Great Gatspit 'n' Steel Lance Vol 2,,,,,,,,,,,,,
bookTechJunkie3APAmmo,items,perk  book,,,,Great Gatspit 'n' Steel Lance Vol 3,,,,,,,,,,,,,
bookTechJunkie4Shells,items,perk  book,,,,Great Gatspit 'n' Steel Lance Vol 4,,,,,,,,,,,,,
bookTechJunkie5Repulsor,items,perk  book,,,,Great Gatspit 'n' Steel Lance Vol 5,,,,,,,,,,,,,
bookTechJunkie6BatonCharge,items,perk  book,,,,Great Gatspit 'n' Steel Lance Vol 6,,,,,,,,,,,,,
bookTechJunkie7Hydraulics,items,perk  book,,,,Great Gatspit 'n' Steel Lance Vol 7,,,,,,,,,,,,,
bookTechJunkie8Complete,items,perk  book,,,,Great Gatspit 'n' Steel Lance - Completion,,,,,,,,,,,,,
perkTechJunkie0Name,progression,perk  book,,,,Great Gatspit 'n' Steel Lance,,,,,,,,,,,,,
perkTechJunkie1DamageDesc,progression,perk  book,,,,Scrap Spitters and Gatling Turrets do 10% more damage.,,,,,,,,,,,,,
perkTechJunkie1DamageLongDesc,progression,perk  book,,,,Great Gatspit Damage: Learn how to enhance your Scrap Spitter and Gatling Turret to be even more lethal! Scrap Spitters and Gatling Turrets do 10% more damage.,,,,,,,,,,,,,
perkTechJunkie2MaintenanceDesc,progression,perk  book,,,,Scrap Spitters and Gatling Turrets degrade 20% slower.,,,,,,,,,,,,,
perkTechJunkie2MaintenanceLongDesc,progression,perk  book,,,,Maintenance: Keep your Scrap Spitters and Gatling Turrets from becoming junk! Scrap Spitters and Gatling Turrets degrade 20% slower.,,,,,,,,,,,,,
perkTechJunkie3APAmmoDesc,progression,perk  book,,,,Craft AP Great Gatspit ammo.,,,,,,,,,,,,,
perkTechJunkie3APAmmoLongDesc,progression,perk  book,,,,AP Great Gatspit Ammo: Tired of armored enemies soaking up all your ammo? Shred through them like butter with this high tech ammo recipe. Craft AP Scrap Spitter and Gatling Turret ammo.,,,,,,,,,,,,,
perkTechJunkie4ShellsDesc,progression,perk  book,,,,Craft Scrap Spitter shells.,,,,,,,,,,,,,
perkTechJunkie4ShellsLongDesc,progression,perk  book,,,,Scrap Spitter Shells: Turn that Scrap Spitter into a make shift shotgun! Craft Scrap Spitter shells.,,,,,,,,,,,,,
perkTechJunkie5RepulsorDesc,progression,perk  book,,,,Craft Weighted Shock Mods.,,,,,,,,,,,,,
perkTechJunkie5RepulsorLongDesc,progression,perk  book,,,,Weighted Shock Mods: Craft a Weighted Shock Mod and send zombies flying.,,,,,,,,,,,,,
perkTechJunkie6BatonChargeDesc,progression,perk  book,,,,Weighted Shock.,,,,,,,,,,,,,
perkTechJunkie6BatonChargeLongDesc,progression,perk  book,,,,Shock Strike: Weighted Shock Mods can repeatedly knock them down until they stop getting up.,,,,,,,,,,,,,
perkTechJunkie7HydraulicsDesc,progression,perk  book,,,,Increase the fire rate of Great Gatspits.,,,,,,,,,,,,,
perkTechJunkie7HydraulicsLongDesc,progression,perk  book,,,,Hydraulics: This advanced tweak to hydraulics increases the fire rate of Scrap Spitters and Gatling Turrets by 10%.,,,,,,,,,,,,,
perkTechJunkie8CompleteDesc,progression,perk  book,,,,Bulk craft all Great Gatspit ammo.,,,,,,,,,,,,,
perkTechJunkie8CompleteLongDesc,progression,perk  book,,,,Scrap Gatspit Ammo Bulk Crafting: Learn to bulk craft all Scrap Spitter and Gatling Turret ammo.,,,,,,,,,,,,,

foodWildWestAcornFlour,items,Food,,,,Acorn Flour (Oak Seed),,,,,,,,,,,,,
foodWildWestAcornFlourDesc,items,Food,,,,"Acorn Flour is made from ground Oak Seed and used in other recipes, unless you are desperate. Clears up mild infection (3%) but brings a little thirst.",,,,,,,,,,,,,
foodWildWestAcornHardtack,items,Food,,,,Acorn Hardtack,,,,,,,,,,,,,
foodWildWestAcornHardtackDesc,items,Food,,,,"Acorn Hardtack is a dense cracker with little nutrition to take on long quests or use in other recipes. Clears up mild infection (3%) but brings a little thirst.",,,,,,,,,,,,,
foodWildWestBaconAndEggsAndAcornHardtack,items,Food,,,,Bacon and Eggs and Hardtack,,,,,,,,,,,,,
foodWildWestBaconAndEggsAndAcornHardtackDesc,items,Food,,,,"Bacon and eggs served with grease absorbing acorn hardtack. Clears up mild infection (3%), and you'll need it.",,,,,,,,,,,,,
foodWildWestPineConeJam,items,Food,,,,Pine Cone Jam,,,,,,,,,,,,,
foodWildWestPineConeJamDesc,items,Food,,,,"Can be used in recipes or as a snack. Cures 10% infection.",,,,,,,,,,,,,
foodWildWestPineConeJamPancakes,items,Food,,,,Pine Cone Jam Pancakes,,,,,,,,,,,,,
foodWildWestPineConeJamPancakesDesc,items,Food,,,,"Pine cone jam pancakes with medicinal properties. All of those seeds and honey cure 15% infection.",,,,,,,,,,,,,
foodcottagebake,items,Food,,,,Cottage Bake,,,,,,,,,,,,,
foodcottagebakeDesc,items,Food,,,,"A hearty bake using canned beef, vegetables, and a nice stock.",,,,,,,,,,,,,
foodWildWestTinCanTucker,items,Food,,,,Tin Can Tucker
foodWildWestTinCanTuckerDesc,items,Food,,,,"Mix together tins which usually have no recipe to create a real gourmet treat.",,,,,,,,,,,,,
foodBreadingMix,items,Food,,,,Breading Mix,,,,,,,,,,,,,
foodBreadingMixDesc,items,Food,,,,"Breading Mix is used in recipes as a coating. Best not eaten alone unless you are desperate.",,,,,,,,,,,,,
foodFriedCatfish,items,Food,,,,Fried Catfish,,,,,,,,,,,,,
foodFriedCatfishDesc,items,Food,,,,"Catch a Catfish from a Fish Trap.",,,,,,,,,,,,,
foodBoarMilk,items,Food,,,,Boar Milk,,,,,,,,,,,,,
foodBoarMilkDesc,items,Food,,,,"Boar Milk can be harvested from wild boars. It can be added to a recipe, or provide a little nutrition on its own.",,,,,,,,,,,,,
foodShamBreadPudding,items,Food,,,,Sham Bread Pudding,,,,,,,,,,,,,
foodShamBreadPuddingDesc,items,Food,,,,"Sham Bread Pudding makes a filling meal. The baking process and the addition of honey make the Sham Sandwich quite edible, and almost delicious.",,,,,,,,,,,,,
foodPineNuts,items,Food,,,,Pine Nuts (Pine Seed),,,,,,,,,,,,,
foodPineNutsDesc,items,Food,,,,"Pine Nuts are collected from Pine Cones and best used in other recipes. Makes you a little thirsty.",,,,,,,,,,,,,
foodBlueberryPemmican,items,Food,,,,Blueberry Pemmican,,,,,,,,,,,,,
foodBlueberryPemmicanDesc,items,Food,,,,"Blueberry Pemmican takes a little time to prepare, but provides a nutritious snack to sustain you while on the trail. Brings on thirst as a snack but can be added to recipes.",,,,,,,,,,,,,
foodRubaboo,items,Food,,,,Rubaboo,,,,,,,,,,,,,
foodRubabooDesc,items,Food,,,,"Rubaboo is usually a simple stew, but this variety includes pemmincan to give it that something special.",,,,,,,,,,,,,
foodTallmanBradJerky,items,Food,,,,Tallman Brad Jerky,,,,,,,,,,,,,
foodTallmanBradJerkyDesc,items,Food,,,,"Tallman Brad Jerky is a useful snack to top up satiation, and catch very early infection in its tracks. Cures 1% infection but can make you thirsty.",,,,,,,,,,,,,
foodSuperCornMeatStew,items,Food,,,,Super Corn Meat Stew,,,,,,,,,,,,,
foodSuperCornMeatStewDesc,items,Food,,,,"You will grow up to be big and strong..., like Grace.",,,,,,,,,,,,,
foodSuperHoneyPopcorn,items,Food,,,,Super Honey Popcorn,,,,,,,,,,,,,
foodSuperHoneyPopcornDesc,items,Food,,,,"Super Honey Popcorn is gently popped to perfection, and drizzled with freshly squeezed honey comb.",,,,,,,,,,,,,
foodSuperCornSuperSupper,items,Food,,,,Super Corn Super Supper,,,,,,,,,,,,,
foodSuperCornSuperSupperDesc,items,Food,,,,"Super Corn Super Supper provides a combination of individual food items packed into a full meal. The total benefit exceeds the sum of its parts. All it needs is something to wash it down.",,,,,,,,,,,,,
foodApplePie,items,Food,,,,Apple Pie,,,,,,,,,,,,,
foodApplePieDesc,items,Food,,,,"Apples can be fed to trained horses to revitalise them, but not this time. Apples can be harvested from trees and sometimes found in loot.",,,,,,,,,,,,,
foodHoneyApple,items,Food,,,,Honey Apple,,,,,,,,,,,,,
foodHoneyAppleDesc,items,Food,,,,"Apples can be fed to trained horses to revitalise them, but this one is all yours. Cures 1% infection. Apples can be harvested from trees and sometimes found in loot.",,,,,,,,,,,,,
drinkYuccaJuiceCooler,items,Food,,,,Yucca Juice Storm Breaker,,,,,,,,,,,,,
drinkYuccaJuiceCoolerDesc,items,Food,,,,"Yucca Juice Storm Breaker helps you resist storms.\n\nStorm Resistance for 15 minutes.",,,,,,,,,,,,,

foodT3-2,progression,Attribute,,,,Tier 3: Hobo Stew & Super Corn Meat Stew,,,,,,,,,,,,,

OaksCooker,blocks,Block,,,,Twin Stove,,,,,,,,,,,,,
OaksCookerDesc,blocks,Block,,,,"The Twin Stove allows players to combine recipe ingredients into meals, beverages, and resources.",,,,,,,,,,,,,
PotStove,blocks,Block,,,,Pot Stove,,,,,,,,,,,,,
PotStoveDesc,blocks,Block,,,,"The Pot Stove allows players to combine recipe ingredients into meals, beverages, and resources.",,,,,,,,,,,,,
IronStove,blocks,Block,,,,Iron Stove,,,,,,,,,,,,,
IronStoveDesc,blocks,Block,,,,"The Iron Stove allows players to combine recipe ingredients into meals, beverages, and resources.",,,,,,,,,,,,,
StoneStove,blocks,Block,,,,Stone Stove,,,,,,,,,,,,,
StoneStoveDesc,blocks,Block,,,,"The Stone Stove allows players to combine recipe ingredients into meals, beverages, and resources.",,,,,,,,,,,,,
playerWoodBurningStove,blocks,Block,,,,Wood Burning Player Stove,,,,,,,,,,,,,
playerWoodBurningStoveDesc,blocks,Block,,,,"The Wood Burning Player Stove allows players to combine recipe ingredients into meals, beverages, and resources.",,,,,,,,,,,,,
CookerVariantHelper,blocks,Block,,,,Stoves,,,,,,,,,,,,,

StoneStandPipe,blocks,Block,,,,Marble Standpipe,,,,,,,,,,,,,
StoneStandPipeDesc,blocks,Block,,,,"This Marble Standpipe allows players to fill up their water vessels.",,,,,,,,,,,,,
Stone2StandPipe,blocks,Block,,,,Stone Standpipe,,,,,,,,,,,,,
Stone2StandPipeDesc,blocks,Block,,,,"This Stone Standpipe allows players to fill up their water vessels.",,,,,,,,,,,,,
WaterWell,blocks,Block,,,,Decorative Barrel Well,,,,,,,,,,,,,
WaterWellDesc,blocks,Block,,,,"This Rustic Water Well allows players to fill up their water vessels.",,,,,,,,,,,,,
OldWell,blocks,Block,,,,Decorative Old Well,,,,,,,,,,,,,
OldWellDesc,blocks,Block,,,,"This Old Water Well allows players to fill up their water vessels.",,,,,,,,,,,,,
StoneWell,blocks,Block,,,,Decorative Stone Well,,,,,,,,,,,,,
StoneWellDesc,blocks,Block,,,,"This Stone Water Well allows players to fill up their water vessels.",,,,,,,,,,,,,
WoodWell,blocks,Block,,,,Decorative Wood Well,,,,,,,,,,,,,
WoodWellDesc,blocks,Block,,,,"This Wood Water Well allows players to fill up their water vessels.",,,,,,,,,,,,,
WaterVariantHelper,blocks,Block,,,,Decorative Water Wells and Stands,,,,,,,,,,,,,

QueenBee,items,Item,,,,Queen Bee,,,,,,,,,,,,,
QueenBeeDesc,items,Item,,,,"Use the Queen Bee with right mouse click on the Bee Hive to populate it and produce honey.",,,,,,,,,,,,,

SquareHiveEmpty,blocks,Block,,,,Square Bee Hive,,,,,,,,,,,,,
SquareHiveEmptyDesc,blocks,Block,,,,"Introduce a Queen Bee to the Square Bee Hive using secondary action, and over time it will produce honey. A Queen Bee can be found in logs in the Pine Forest and Desert biomes.",,,,,,,,,,,,,
SquareBeeHiveQueen,blocks,Block,,,,[66ff00]Bees are collecting Nectar,,,,,,,,,,,,,
SquareHiveWithHoney,blocks,Block,,,,[66ff00]Honey is Ready to Collect,,,,,,,,,,,,,
BeeHiveEmpty,blocks,Block,,,,Roof Bee Hive,,,,,,,,,,,,,
BeeHiveEmptyDesc,blocks,Block,,,,"Introduce a Queen Bee to the Roof Bee Hive using secondary action, and over time it will produce honey. A Queen Bee can be found in logs in the Pine Forest and Desert biomes.",,,,,,,,,,,,,
BeeHiveQueen,blocks,Block,,,,[66ff00]Bees are collecting Nectar,,,,,,,,,,,,,
BeeHiveWithHoney,blocks,Block,,,,[66ff00]Honey is Ready to Collect,,,,,,,,,,,,,
WoodBeeHiveEmpty,blocks,Block,,,,Wood Bee Hive,,,,,,,,,,,,,
WoodBeeHiveEmptyDesc,blocks,Block,,,,"Introduce a Queen Bee to the Wood Bee Hive using secondary action, and over time it will produce honey. A Queen Bee can be found in logs in the Pine Forest and Desert biomes.",,,,,,,,,,,,,
WoodBeeHiveQueen,blocks,Block,,,,[66ff00]Bees are collecting Nectar,,,,,,,,,,,,,
WoodBeeHiveWithHoney,blocks,Block,,,,[66ff00]Honey is Ready to Collect,,,,,,,,,,,,,
BeeHiveVariantHelper,blocks,Block,,,,Bee Hives,,,,,,,,,,,,,

foodHoneyComb,items,Item,,,,Honey Comb,,,,,,,,,,,,,
foodHoneyCombDesc,items,Item,,,,"Use the Honey Comb as a standalone snack or as part of a recipe. Provides healing properties. Cures 1% infection.",,,,,,,,,,,,,
foodHoneyBread,items,Food,,,,Honey Cornbread,,,,,,,,,,,,,
foodHoneyBreadDesc,items,Food,,,,"A tasty treat with healing properties. Cures 3% infection.",,,,,,,,,,,,,
foodHoneyPumpkinPie,items,Food,,,,Honey Pumpkin Pie,,,,,,,,,,,,,
foodHoneyPumpkinPieDesc,items,Food,,,,"A tasty treat with healing properties. Cures 3% infection.",,,,,,,,,,,,,
drinkHoneyBeer,items,Food,,,,Honey Beer,,,,,,,,,,,,,
drinkHoneyBeerDesc,items,Food,,,,"Unleash your inner berserker to put power in your punch for longer, and cure 5% infection.",,,,,,,,,,,,,

CaughtChick,items,Item,,,,Caught Chick,,,,,,,,,,,,,
CaughtChickDesc,items,Item,,,,"Use 2 Caught Chicks, with right mouse click, on an Empty Chicken Coop to populate and activate the next stage.",,,,,,,,,,,,,

birdnestEmpty,blocks,Block,,,,Empty Bird Nest,,,,,,,,,,,,,
WoodCoopEmpty,blocks,Block,,,,Chicken Coop - Wooden,,,,,,,,,,,,,
WoodCoopEmptyDesc,blocks,Block,,,,"Introduce 2 Caught Chicks to the Chicken Coop using secondary action, and over time they will grow and produce eggs and feathers. You can catch chicks in nests and trees.",,,,,,,,,,,,,
WoodCoopChicks,blocks,Block,,,,[66ff00]Growth Stage,,,,,,,,,,,,,
WoodCoopLaying,blocks,Block,,,,[66ff00]Nesting Stage,,,,,,,,,,,,,
WoodCoopWithEggs,blocks,Block,,,,[66ff00]Ready for Gathering,,,,,,,,,,,,,
ChickenCoopEmpty,blocks,Block,,,,Chicken Coop - Fancy,,,,,,,,,,,,,
ChickenCoopChicks,blocks,Block,,,,[66ff00]Growth Stage,,,,,,,,,,,,,
ChickenCoopLaying,blocks,Block,,,,[66ff00]Nesting Stage,,,,,,,,,,,,,
ChickenCoopWithEggs,blocks,Block,,,,[66ff00]Ready for Gathering,,,,,,,,,,,,,
TinCoopEmpty,blocks,Block,,,,Chicken Coop - Tin,,,,,,,,,,,,,
TinCoopChicks,blocks,Block,,,,[66ff00]Growth Stage,,,,,,,,,,,,,
TinCoopLaying,blocks,Block,,,,[66ff00]Nesting Stage,,,,,,,,,,,,,
TinCoopWithEggs,blocks,Block,,,,[66ff00]Ready for Gathering,,,,,,,,,,,,,
HouseCoopEmpty,blocks,Block,,,,Chicken Coop - House,,,,,,,,,,,,,
HouseCoopChicks,blocks,Block,,,,[66ff00]Growth Stage,,,,,,,,,,,,,
HouseCoopLaying,blocks,Block,,,,[66ff00]Nesting Stage,,,,,,,,,,,,,
HouseCoopWithEggs,blocks,Block,,,,[66ff00]Ready for Gathering,,,,,,,,,,,,,
WoodCoopVariantHelper,blocks,Block,,,,Chicken Coops,,,,,,,,,,,,,

GrownChicken,blocks,Block,,,,Grown Domestic Chicken,,,,,,,,,,,,,
GrownChickenDesc,blocks,Block,,,,"A grown domestic chicken can be placed and harvested for resources.",,,,,,,,,,,,,

foodEggQuiche,items,Food,,,,Egg Quiche,,,,,,,,,,,,,
foodEggQuicheDesc,items,Food,,,,"This quiche will keep you regular as clockwork.",,,,,,,,,,,,,
foodEggSandwich,items,Food,,,,Egg Sandwich,,,,,,,,,,,,,
foodEggSandwichDesc,items,Food,,,,"The Queen of Hearts, she made some tarts, from chicken eggs, and zombie farts. She makes decent sandwiches too. Clears up mild infection (3%).",,,,,,,,,,,,,
foodChickenStew,items,Food,,,,Chicken Stew,,,,,,,,,,,,,
foodChickenStewDesc,items,Food,,,,"Chicken stew provides a highly nutritious meal.",,,,,,,,,,,,,
foodRoastChicken,items,Food,,,,Roast Chicken,,,,,,,,,,,,,
foodRoastChickenDesc,items,Food,,,,"Roast Chicken provides great sustenance and can put coop reared chickens to good use.",,,,,,,,,,,,,
foodChickSticks,items,Food,,,,Chick Sticks,,,,,,,,,,,,,
foodChickSticksDesc,items,Food,,,,"Chick sticks provide a light snack with curative properties.",,,,,,,,,,,,,

WildWestOnOffLightsVariantHelper,blocks,Block,,,,Wild West Lights,,,,,,,,,,,,,
WildWestLightTemplate,blocks,Block,,,,Wild West Light Template,,,,,,,,,,,,,
WildWestLightTemplateDesc,blocks,Block,,,,"Template for other lights. Not hooked up for players. Turn on and off with E (Use) key. It does not require power. Destroy to collect into inventory.",,,,,,,,,,,,,
lantern1,blocks,Block,,,,Wild West Light 1,,,,,,,,,,,,,
lantern1Desc,blocks,Block,,,,"Wild West Light 1 is made for wall and surface placement. Turn on and off with E (Use) key. It does not require power. Destroy to collect into inventory.",,,,,,,,,,,,,
lantern2,blocks,Block,,,,Wild West Light 2,,,,,,,,,,,,,
lantern2Desc,blocks,Block,,,,"Wild West Light 2 is made for wall and surface placement. Turn on and off with E (Use) key. It does not require power. Destroy to collect into inventory.",,,,,,,,,,,,,
lantern3,blocks,Block,,,,Wild West Light 3,,,,,,,,,,,,,
lantern3Desc,blocks,Block,,,,"Wild West Light 3 is made for wall and surface placement. Turn on and off with E (Use) key. It does not require power. Destroy to collect into inventory.",,,,,,,,,,,,,
lantern4,blocks,Block,,,,Wild West Light 4,,,,,,,,,,,,,
lantern4Desc,blocks,Block,,,,"Wild West Light 4 is made for wall and surface placement. Turn on and off with E (Use) key. It does not require power. Destroy to collect into inventory.",,,,,,,,,,,,,
lantern5,blocks,Block,,,,Wild West Light 5,,,,,,,,,,,,,
lantern5Desc,blocks,Block,,,,"Wild West Light 5 is made for wall and surface placement. Turn on and off with E (Use) key. It does not require power. Destroy to collect into inventory.",,,,,,,,,,,,,
rooflight1,blocks,Block,,,,Wild West Roof Light,,,,,,,,,,,,,
rooflight1Desc,blocks,Block,,,,"Wild West Roof Light is made for ceiling placement. Turn on and off with E (Use) key. It does not require power. Destroy to collect into inventory.",,,,,,,,,,,,,
OldPiano,blocks,Block,,,,Wild West Piano,,,,,,,,,,,,,
OldPianoDesc,blocks,Block,,,,"Wild West Piano is made for surface placement. Turn on and off with E (Use) key. Turning on and off cycles through 5 choices of melody. It does not require power. Destroy to collect into inventory.",,,,,,,,,,,,,

CactusTrap,blocks,Block,,,,Trap - Cactus,,,,,,,,,,,,,
CactusTrapDesc,blocks,Block,,,,"This Cactus Trap can be placed on a surface. It will damage both zombies and players with bleed damage.",,,,,,,,,,,,,
TarTrap,blocks,Block,,,,Trap - Tar,,,,,,,,,,,,,
TarTrapDesc,blocks,Block,,,,"This Tar Trap can be placed on a surface. It will slow both zombies and players.",,,,,,,,,,,,,
looseLogTrap100_TMB,blocks,Block,,,,Loose Log Trap,,,,,,,,,,,,,
looseLogTrap100_TMBDesc,,,,"This Loose Log Trap breaks when walked on.",,,,,,,,,,,,,

RailTrackVariantHelper,blocks,Block,,,,Rail Track Helper,,,,,,,,,,,,,
RailTrack1X2,blocks,Block,,,,Rail Track 1x2,,,,,,,,,,,,,
RailTrack2X2Cross,blocks,Block,,,,Rail Track 2x2,,,,,,,,,,,,,
RailTrack1X2Gravel,blocks,Block,,,,Rail Track 1x2 Gravel,,,,,,,,,,,,,
CoalCart,blocks,Block,,,,Rail Track Coal Cart,,,,,,,,,,,,,
CoalCartTrack,blocks,Block,,,,Rail Track Coal Cart (Track),,,,,,,,,,,,,
RopeCartSide,blocks,Block,,,,Rail Track Coal Cart Side Rope,,,,,,,,,,,,,
RopeCartUp,blocks,Block,,,,Rail Track Coal Cart Up Rope,,,,,,,,,,,,,
TrainWaterFeed,blocks,Block,,,,Rail Track Water Feed,,,,,,,,,,,,,
BridgeTopprop,blocks,Block,,,,Rail Track Bridge Top Prop,,,,,,,,,,,,,
BridgeTopplane,blocks,Block,,,,Rail Track Bridge Top Plane,,,,,,,,,,,,,
BridgeStrut,blocks,Block,,,,Rail Track Bridge Strut,,,,,,,,,,,,,
BridgeStrut1x3,blocks,Block,,,,Rail Track Bridge Strut 1x3,,,,,,,,,,,,,

WildWestStorageVariantHelper,blocks,Block,,,,Wild West Writable Storage,,,,,,,,,,,,,
WoodChestwest1,blocks,Block,,,,Wild West Wooden Chest,,,,,,,,,,,,,
WoodChestwest1Insecure,blocks,Block,,,,Wild West Wooden Chest Insecure,,,,,,,,,,,,,
WoodChestWestnew,blocks,Block,,,,Wild West Bound Chest,,,,,,,,,,,,,
WoodChestWestnewInsecure,blocks,Block,,,,Wild West Bound Chest Insecure,,,,,,,,,,,,,
WoodCratewest2,blocks,Block,,,,Wild West Wooden Crate,,,,,,,,,,,,,
WoodCratewest2Insecure,blocks,Block,,,,Wild West Wooden Crate Insecure,,,,,,,,,,,,,
woodchestwest2,blocks,Block,,,,Wild West Treasure Chest,,,,,,,,,,,,,
woodchestwest2Insecure,blocks,Block,,,,Wild West Treasure Chest Unlocked,,,,,,,,,,,,,

resourceGreenCrystal,items,item,,,,Green Crystal,,,,,,,,,,,,,
resourceGreenCrystalDesc,items,item,,,,"Green Crystals can be used in recipes. They also release a highly volatile combustible gas that can be used as a fuel source when broken, which you have quite possibly just done. Place it in a safe location between your cloth and fiber. Green Crystals can be crafted into Green Powder, used in the manufacturing of Green Crystal Ammo.",,,,,,,,,,,,,
resourceBlueCrystal,items,item,,,,Blue Crystal,,,,,,,,,,,,,
resourceBlueCrystalDesc,items,item,,,,"Blue Crystals can be used to craft Blue Crystal Batteries at the Chemistry Station. Blue Crystals are also a key ingredient in Green Powder.",,,,,,,,,,,,,
resourceBlackCrystal,items,item,,,,Black Crystal,,,,,,,,,,,,,
resourceBlackCrystalDesc,items,item,,,,"Black Crystals can be used to craft the Black Crystal Armor Mod at the Chemistry Station.",,,,,,,,,,,,,
modArmorPlatingCrystalReinforced,item_modifiers,mod,,,,Black Crystal Armor Mod,,,,,,,,,,,,,
modArmorPlatingCrystalReinforcedDesc,item_modifiers,Mod,,,,"Improve damage and explosive resistance.",,,,,,,,,,,,,
modArmorPlatingCrystalReinforcedSchematic,item_modifiers,mod,,,,Black Crystal Armor Mod Schematic,,,,,,,,,,,,,
blueCrystalBattery,items,Item,,,,Blue Crystal Battery,,,,,,,,,,,,,
blueCrystalBatteryDesc,items,Item,,,,"Blue Crystal Batteries are created in the Chemistry Station and placed inside Wind Turbines, or used for other recipes.",,,,,,,,,,,,,
windturbine,blocks,Block,,,,Wind Turbine,,,,,,,,,,,,,
windturbineDesc,blocks,Block,,,,"The Wind Turbine generates power for an electric fence. Crafted at a Workbench and requires a Blue Crystal Battery to operate.",,,,,,,,,,,,,
electricfencepost,blocks,Electricity,,,,Electric Fence Post (Regular),,,,,,,,,,,,,
electricfencepostDesc,blocks,Electricity,,,,"Wire up 2 or more of these and shock your enemies. Crafted at the Workbench.\n\nRepair with Wood and Forged Iron.",,,,,,,,,,,,,
electricfencepostSmall,blocks,Electricity,,,,Electric Fence Post (Small),,,,,,,,,,,,,
electricfencepostSmallDesc,blocks,Electricity,,,,"Wire up 2 or more of these and shock your enemies. Crafted at the Workbench.\n\nRepair with Wood and Forged Iron.",,,,,,,,,,,,,
resourceCementMixerConcreteBundle,items,Item,,,,Stack of Concrete Mix (1000),,Stapel Betonmischung (1000),,,,,,,,,,,
resourceCementMixerConcreteBundleDesc,items,Item,,,,"This is a compact stack of concrete mix. 'Open' this item to open and unpack it. This stack of concrete uses 20% less resources than the same amount in single units.",,"Dies ist ein kompakter Stapel Betonmischung. 'Öffnen' Sie diesen Artikel, um ihn zu öffnen und auszupacken. Dieser Betonstapel verbraucht 20 % weniger Ressourcen als die gleiche Menge in einzelnen Einheiten.",,,,,,,,,,,
resourceClayLumpBundle,items,Item,,,,Stack of Clay Soil (6000),,Stapel Lehmboden (6.000),Pila de Terreno de arcilla (6000),Pile de Sol en argile (6 000),Mucchio di Argilla (6.000),粘土（バルク・6000）,식토 더미 (6000),Stos Gleba gliniasta (6000),Pilha de Solo argiloso (6000),Запас Глинистый грунт (6000),Killi Toprak Yığını (6000),一堆粘土（6000）,黏土堆（6000）
resourceClayLumpBundleDesc,items,Item,,,,This is a compact stack of clay soil. Use this item to open and unpack it.,,"Ein kompakter Stapel Lehmboden. Benutze diesen Gegenstand, um ihn zu öffnen und zu entladen.",Pila compacta de terreno de arcilla. Usa este objeto para abrirla y descargarla.,C'est une pile compacte de sol en argile. Utilisez cet objet pour l'ouvrir et le déballer.,Un mucchio compatto di argilla. Usa questo oggetto per la sua apertura.,大量の粘土がコンパクトにまとめられています。このアイテムを使用すると開封や内容品の取り出しが可能です。,식토 압축되어 있는 더미입니다. 이 아이템을 사용하면 낱개로 풀립니다.,"Zbity stos gleba gliniasta. Użyj tego przedmiotu, aby go otworzyć i rozpakować.",Uma pilha compacta de solo argiloso. Use este item para abrir e descompactar.,"Компактный запас Глинистый грунт. Используйте, чтобы распаковать его.",Killi toprakn oluşan yığın. Açmak ve içindekileri çıkarmak için bu öğeyi kullan.,这是足足一堆粘土。使用此道具打开。,這是一堆排列緊密黏土堆。用這個物品打開並取出。

Ammobench,blocks,Workstation,,,,Ammo Press,,,,,,,,,,,,,
AmmobenchDesc,blocks,Block,,,,"The Ammo Press allows players to press ammunition in a compact standalone device. Ammo bundles craft in half the time.",,,,,,,,,,,,,
workstationsT3-2OAB,progression,Attribute,,,,Tier 3: Ammo Press,,,,,,,,,,,,,
lblCategoryAmmoPress,UI,Tooltip,,,,Ammo,,Munition,Munición,Munitions,Munizioni,弾薬,탄약,Amunicja,Munição,Боеприпасы,Mühimmat,弹药
lblCategoryAmmoPressRegularAmmo,UI,Tooltip,,,,Regular Ammo,,,,,,,,,,,,,
lblCategoryAmmoPressHPAmmo,UI,Tooltip,,,,HP Ammo,,,,,,,,,,,,,
lblCategoryAmmoPressAPAmmo,UI,Tooltip,,,,AP Ammo,,,,,,,,,,,,,

resourceFishBait,items,item,,,,Fish Trap Bait (Use in Water),,,,,,,,,,,,,
resourceFishBaitDesc,items,item,,,,"Fish Trap Bait can be added to an empty Fish Trap. It will attract different kinds of fish and crustaceans. Water currents may also bring in unexpected items.",,,,,,,,,,,,,
FishTrapEmpty,blocks,Block,,,,Fish Trap (Needs Bait),,,,,,,,,,,,,
FishTrapEmptyDesc,blocks,Block,,,,"Place the Fish Trap under water. Add Fish Trap Bait with your secondary action to bait the trap. Over time, it will catch fish and crustaceans. Water currents may also bring in unexpected items.",,,,,,,,,,,,,
FishTrapBaited,blocks,Block,,,,[66ff00]Baited Stage,,,,,,,,,,,,,
FishTrapLoot,blocks,Block,,,,[66ff00]Ready for Gathering,,,,,,,,,,,,,
resourceRope,items,item,,,,Rope,,,,,,,,,,,,,
resourceRopeDesc,items,item,,,,"Rope can be used in recipes as a crafting item.",,,,,,,,,,,,,
resourceHook,items,item,,,,Fish Trap Bait Hook,,,,,,,,,,,,,
resourceHookDesc,items,item,,,,"Fish Trap Bait Hooks are used to craft Fish Trap Bait.",,,,,,,,,,,,,
terrWaterPOI,blocks,Block,,,,Fish Trap Water,,Fischfallenwasser,,,,,,,,,,,
terrWaterFishTrapDesc,blocks,Block,,,,"Use Fish Trap Water blocks to rapidly fill your Fish Trap farm pool.",,,,,,,,,,,,,
cntFishTrapWaterCollector,blocks,block,,,,Fish Trap Water Collector,,,,,,,,,,,,,
cntFishTrapWaterCollectorDesc,blocks,Block,,,,"Collects Fish Trap Water at an accelerated rate to fill your Fish Trap farm pool.\n\nRepair with Tree Resin.",,,,,,,,,,,,,
resourceWaterFilterDesc,items,item,,,,"A component used in the crafting of a Dew Collector or Fish Trap Water Collector.",,,,,,,,,,,,,
foodPintoBeans,items,Food,,,,Pinto Beans,,,,,,,,,,,,,
foodPintoBeansDesc,items,Food,,,,"Pinto Beans are best used in a recipe.",,,,,,,,,,,,,
foodOkra,items,Food,,,,Okra,,,,,,,,,,,,,
foodOkraDesc,items,Food,,,,"Okra is best used in a recipe.",,,,,,,,,,,,,
foodCrawfish,items,Food,,,,Crawfish,,,,,,,,,,,,,
foodCrawfishDesc,items,Food,,,,"Crawfish is best used in a recipe.",,,,,,,,,,,,,
foodCrawfishGumbo,items,Food,,,,Crawfish Gumbo,,,,,,,,,,,,,
foodCrawfishGumboDesc,items,Food,,,,"Crawfish Gumbo requires access to a Fish Trap for recipe ingredients. It is a highly filling and nutritious stew.",,,,,,,,,,,,,
foodChowder,items,Food,,,,Chowder,,,,,,,,,,,,,
foodChowderDesc,items,Food,,,,"This Chowder provides a rich, thick, and creamy seafood soup,.",,,,,,,,,,,,,
foodCampfireBeans,items,Food,,,,Campfire Beans,,,,,,,,,,,,,
foodCampfireBeansDesc,items,Food,,,,"Campfire Beans with Hardtack. For starry nights out in the open.",,,,,,,,,,,,,

greenrock,blocks,Block,,,,Green Glowing Rock,,,,,,,,,,,,,
lightblueRock,blocks,Block,,,,Light Blue Glowing Rock,,,,,,,,,,,,,
bluerock33,blocks,Block,,,,Blue Glowing Rock 1,,,,,,,,,,,,,
bluerock22,blocks,Block,,,,Blue Glowing Rock 2,,,,,,,,,,,,,
BarberShopChair,blocks,Block,,,,Barber Shop Chair,,,,,,,,,,,,,
BarberShopChairDesc,blocks,Block,,,,"Place on a flat surface in an ideal location to decorate your homestead.",,,,,,,,,,,,,
Rockingchair,blocks,Block,,,,Rocking Chair,,,,,,,,,,,,,
RockingchairDesc,blocks,Block,,,,"Place on a flat surface in an ideal location to decorate your homestead.",,,,,,,,,,,,,
cluckingbellsTrap,blocks,Block,,,,Chuckwagon Dinner Bell,,,,,,,,,,,,,
cluckingbellsTrapDesc,blocks,Block,,,,"Place the Chuckwagon Dinner Bell on a flat surface and strike it repeatedly to announce that dinner has been served. A Screamer Scout will pick up the scent, and invite her friends to the feast. The more you hit it, the more will appear. Pick up the Chuckwagon Dinner Bell to stop any more Screamer Scouts from appearing.",,,,,,,,,,,,,
cluckingbellsTrapOn,blocks,Block,,,,Chuckwagon Dinner Bell,,,,,,,,,,,,,
cluckingbellsTrapOnDesc,blocks,Block,,,,"Place the Chuckwagon Dinner Bell on a flat surface and strike it repeatedly to announce that dinner has been served. A Screamer Scout will pick up the scent, and invite her friends to the feast. The more you hit it, the more will appear. Pick up the Chuckwagon Dinner Bell to stop any more Screamer Scouts from appearing.",,,,,,,,,,,,,
LogWallsVariantHelper,blocks,block,,,,Large Wood Walls,,,,,,,,,,,,,
decoWineBottleVariantHelper,blocks,Block,,,,Wine Bottles,,,,,,,,,,,,,

OakravenHydroponicWorkbench,blocks,Workstation,,,,Oakraven Hydroponic Workbench,,,,,,,,,,,,,
OakravenHydroponicWorkbenchDesc,blocks,Block,,,,"The Oakraven Hydroponic Workbench allows players to craft hydroponic essentials to get your plants growing.",,,,,,,,,,,,,
OakravenHydroponicFarmBlock,blocks,Block,,,,Hydroponic Farm Plot Block,,,,,,,,,,,,,
OakravenHydroponicFarmBlockDesc,blocks,Block,,,,"The Hydroponic Farm Plot Block is created on the Oakraven Hydroponic Workbench. It allows you to plant and grow under cover, since it has its own light source.",,,,,,,,,,,,,
OakravenHydroponicYuccaSeedling,blocks,Block,,,,Hydroponic Yucca (Plug),,,,,,,,,,,,,
OakravenHydroponicYuccaGrowing,blocks,Block,,,,Hydroponic Yucca (Growing),,,,,,,,,,,,,
OakravenHydroponicYuccaHarvest,blocks,Block,,,,Hydroponic Yucca Plant,,,,,,,,,,,,,
OakravenHydroponicCornSeedling,blocks,Block,,,,Hydroponic Corn (Plug),,,,,,,,,,,,,
OakravenHydroponicCornGrowing,blocks,Block,,,,Hydroponic Corn (Growing),,,,,,,,,,,,,
OakravenHydroponicCornHarvest,blocks,Block,,,,Hydroponic Corn Plant,,,,,,,,,,,,,
OakravenHydroponicSuperCornSeedling,blocks,Block,,,,Hydroponic Super Corn (Plug),,,,,,,,,,,,,
OakravenHydroponicSuperCornGrowing,blocks,Block,,,,Hydroponic Super Corn (Growing),,,,,,,,,,,,,
OakravenHydroponicSuperCornHarvest,blocks,Block,,,,Hydroponic Super Corn Plant,,,,,,,,,,,,,
OakravenHydroponicPotatoSeedling,blocks,Block,,,,Hydroponic Potato (Plug),,,,,,,,,,,,,
OakravenHydroponicPotatoGrowing,blocks,Block,,,,Hydroponic Potato (Growing),,,,,,,,,,,,,
OakravenHydroponicPotatoHarvest,blocks,Block,,,,Hydroponic Potato Plant,,,,,,,,,,,,,
OakravenHydroponicCoffeeSeedling,blocks,Block,,,,Hydroponic Coffee (Plug),,,,,,,,,,,,,
OakravenHydroponicCoffeeGrowing,blocks,Block,,,,Hydroponic Coffee (Growing),,,,,,,,,,,,,
OakravenHydroponicCoffeeHarvest,blocks,Block,,,,Hydroponic Coffee Plant,,,,,,,,,,,,,
OakravenHydroponicGoldenrodSeedling,blocks,Block,,,,Hydroponic Goldenrod (Plug),,,,,,,,,,,,,
OakravenHydroponicGoldenrodGrowing,blocks,Block,,,,Hydroponic Goldenrod (Growing),,,,,,,,,,,,,
OakravenHydroponicGoldenrodHarvest,blocks,Block,,,,Hydroponic Goldenrod Plant,,,,,,,,,,,,,
OakravenHydroponicBlueberrySeedling,blocks,Block,,,,Hydroponic Blueberry (Plug),,,,,,,,,,,,,
OakravenHydroponicBlueberryGrowing,blocks,Block,,,,Hydroponic Blueberry (Growing),,,,,,,,,,,,,
OakravenHydroponicBlueberryHarvest,blocks,Block,,,,Hydroponic Blueberry Plant,,,,,,,,,,,,,
OakravenHydroponicHopSeedling,blocks,Block,,,,Hydroponic Hop (Plug),,,,,,,,,,,,,
OakravenHydroponicHopGrowing,blocks,Block,,,,Hydroponic Hop (Growing),,,,,,,,,,,,,
OakravenHydroponicHopHarvest,blocks,Block,,,,Hydroponic Hop Plant,,,,,,,,,,,,,
OakravenHydroponicPumpkinSeedling,blocks,Block,,,,Hydroponic Pumpkin (Plug),,,,,,,,,,,,,
OakravenHydroponicPumpkinGrowing,blocks,Block,,,,Hydroponic Pumpkin (Growing),,,,,,,,,,,,,
OakravenHydroponicPumpkinHarvest,blocks,Block,,,,Hydroponic Pumpkin Plant,,,,,,,,,,,,,
OakravenHydroponicChrysanthemumSeedling,blocks,Block,,,,Hydroponic Chrysanthemum (Plug),,,,,,,,,,,,,
OakravenHydroponicChrysanthemumGrowing,blocks,Block,,,,Hydroponic Chrysanthemum (Growing),,,,,,,,,,,,,
OakravenHydroponicChrysanthemumHarvest,blocks,Block,,,,Hydroponic Chrysanthemum Plant,,,,,,,,,,,,,
OakravenHydroponicCottonSeedling,blocks,Block,,,,Hydroponic Cotton (Plug),,,,,,,,,,,,,
OakravenHydroponicCottonGrowing,blocks,Block,,,,Hydroponic Cotton (Growing),,,,,,,,,,,,,
OakravenHydroponicCottonHarvest,blocks,Block,,,,Hydroponic Cotton Plant,,,,,,,,,,,,,
OakravenHydroponicAloeSeedling,blocks,Block,,,,Hydroponic Aloe (Plug),,,,,,,,,,,,,
OakravenHydroponicAloeGrowing,blocks,Block,,,,Hydroponic Aloe (Growing),,,,,,,,,,,,,
OakravenHydroponicAloeHarvest,blocks,Block,,,,Hydroponic Aloe Plant,,,,,,,,,,,,,
OakravenHydroponicMushroomSeedling,blocks,Block,,,,Hydroponic Mushroom (Plug),,,,,,,,,,,,,
OakravenHydroponicMushroomGrowing,blocks,Block,,,,Hydroponic Mushroom (Growing),,,,,,,,,,,,,
OakravenHydroponicMushroomHarvest,blocks,Block,,,,Hydroponic Mushroom Plant,,,,,,,,,,,,,
OakravenCompostTea,items,Item,,,,Compost Tea,,,,,,,,,,,,,
OakravenCompostTeaDesc,items,Item,,,,"Compost Tea is used as an ingredient for Hydroponic Feed.",,,,,,,,,,,,,
OakravenHydroponicFeed,items,Item,,,,Hydroponic Feed,,,,,,,,,,,,,
OakravenHydroponicFeedDesc,items,Item,,,,"Hydroponic Feed is rich in nutrients and microbial life. It's got what plants need.",,,,,,,,,,,,,
OakravenHydroponicCropsGroupDesc,blocks,Block,,,,"Plant these Hydroponic Plugs (Seeds) in the Hydroponic Farm Plot Block to grow and harvest plants.",,,,,,,,,,,,,

cntIronWWMDropBox,blocks,Block,,,,Wild West Drop Box,,,,,,,,,,,,,
cntIronWWMDropBoxDesc,blocks,Block,,,,"A box that will auto-sort items placed inside it to nearby containers with matching items. Transfer starts when you exit the box. Cannot be upgraded. Destroyed if broken.\n\nRepair with Forged Iron.",,,,,,,,,,,,,

fogLightGrey,blocks,Block,,,,Fog (Light Grey),,,,,,,,,,,,,
fogLightGreyDesc,blocks,Block,,,,"This is a light grey decorative fog block. Responds well to lighting.",,,,,,,,,,,,,
fogDarkGrey,blocks,Block,,,,Fog (Dark Grey),,,,,,,,,,,,,
fogDarkGreyDesc,blocks,Block,,,,"This is a dark grey decorative fog block. Responds well to lighting.",,,,,,,,,,,,,
fogOrange,blocks,Block,,,,Fog (Orange),,,,,,,,,,,,,
fogOrangeDesc,blocks,Block,,,,"This is an orange decorative fog block. Responds well to lighting.",,,,,,,,,,,,,
fogGreen,blocks,Block,,,,Fog (Green),,,,,,,,,,,,,
fogGreenDesc,blocks,Block,,,,"This is a green decorative fog block. Responds well to lighting.",,,,,,,,,,,,,
fogBlue,blocks,Block,,,,Fog (Blue),,,,,,,,,,,,,
fogBlueDesc,blocks,Block,,,,"This is a blue decorative fog block. Responds well to lighting.",,,,,,,,,,,,,
fogVariantHelper,blocks,Block,,,,Fog Helper,,,,,,,,,,,,,

questRewardMagazineBundleDesc,items,item,,,,A bundle of 4 random crafting skill magazines.,,Ein Paket mit 4 zufälligen Zeitschriften für Handwerksfertigkeiten.,Un conjunto de 4 revistas de habilidades de fabricación al azar.,Un paquet de 4 magazines sur les compétences en fabrication aléatoires.,Un pacchetto di 4 riviste di creazione casuali.,4つのランダムなクラフトスキル雑誌のバンドル。,무작위 제작 스킬 잡지 4종류 묶음입니다.,Pakiet 4 losowych magazynów podnoszących umiejętności wytwórcze.,Conjunto de 4 revistas de habilidade de fabricação aleatórias,Комплект из 4 случайных журналов по навыкам изготовления.,Rastgele 4 üretim beceri dergisinden oluşan bir paket.,4本随机制作技能杂志的组合包。,內含四本隨機製作技能雜誌的梱包。

qc_chuckwagondinnerbell01,items,Quest - Challenge,,,,"Chuckwagon Dinner Bell Challenge",,,,,,,,,,,,,
qc_chuckwagondinnerbell01Desc,items,Quest - Challenge,,,,"The Chuckwagon Dinner Bell Challenge is an optional quest. Craft, and place the Chuckwagon Dinner Bell on a flat surface. Stike it to activate it and announce that dinner has been served. A Screamer Scout will pick up the scent, and invite her friends to the feast. The more you hit it, the more will appear. Pick up the Chuckwagon Dinner Bell to stop any more Screamer Scouts from appearing. Receive 2 Skill Points and 10,000 XP for eliminating 200 Screamer Scouts. This quest continually loops.",,,,,,,,,,,,,
quest_chuckwagondinnerbell01_offer,Quest,Quest Info,,,,"Accept this Quest to begin the Chuckwagon Dinner Bell Challenge. Craft a Chuckwagon Dinner Bell and place it on a flat surface. Strike it repeatedly to announce that dinner has been served. A Screamer Scout will hear the sound, pick up the scent, and invite her friends to the feast. The more you hit it, the more will appear. Pick up the Chuckwagon Dinner Bell to stop any more Screamer Scouts from appearing. Receive 2 Skill Points for eliminating 200 Screamer Scouts. This quest continually loops.",,,,,,,,,,,,,
quest_chuckwagondinnerbell01_name,Quest,Quest Info,,,,"Chuckwagon Dinner Bell",,,,,,,,,,,,,
quest_chuckwagondinnerbell01_subtitle,Quest,Quest Info,,,,"Chuckwagon Dinner Bell",,,,,,,,,,,,,
quest_chuckwagondinnerbell01_description,Quest,Quest Info,,,,"Craft a Chuckwagon Dinner Bell and place it on a flat surface. Strike it repeatedly to announce that dinner has been served. A Screamer Scout will hear the sound, pick up the scent, and invite her friends to the feast. The more you hit it, the more will appear. Pick up the Chuckwagon Dinner Bell to stop any more Screamer Scouts from appearing.",,,,,,,,,,,,,

quest_chuckwagondinnerbell02_offer,Quest,Quest Info,,,,"Accept this Quest to begin the Chuckwagon Dinner Bell Challenge. Craft a Chuckwagon Dinner Bell and place it on a flat surface. Strike it to announce that dinner has been served. A Screamer Scout will hear the sound, pick up the scent, and invite her friends to the feast. Pick up the Chuckwagon Dinner Bell to stop any more Screamer Scouts from appearing. Receive 2 Skill Points and 10,000 XP for eliminating 200 Screamer Scouts. This quest continually loops.",,,,,,,,,,,,,
quest_chuckwagondinnerbell02_name,Quest,Quest Info,,,,"Screamer Scouts",,,,,,,,,,,,,
quest_chuckwagondinnerbell02_subtitle,Quest,Quest Info,,,,"Screamer Scouts",,,,,,,,,,,,,
quest_chuckwagondinnerbell02_description,Quest,Quest Info,,,,"Craft a Chuckwagon Dinner Bell and place it on a flat surface. Strike it to announce that dinner has been served. A Screamer Scout will hear the sound, pick up the scent, and invite her friends to the feast. Pick up the Chuckwagon Dinner Bell to stop any more Screamer Scouts from appearing.",,,,,,,,,,,,,

qc_eliminatezombies,items,item,,,,Contract: Eliminate Infected Settlers,,,,,,,,,,,,,
qc_eliminatezombiesDesc,items,item,,,,"A contract issued by the Wild West Settlement. Seek out and eliminate 'Infected Settlers' of any kind based on the requirements displayed. This quest is started automatically after completing the Basic Survival Quests and meeting the first trader.",,,,,,,,,,,,,
quest_eliminatezombies25_offer,Quest,Quest Info,,,,"Accept this bounty quest to 'cure' the infected settlers. There are multiple stages which continuosly loop. Cure 25, 50, 75, 100, and 250 for a total of 500 for incremental XP and 3 Skill. Start all over again.",,,,,,,,,,,,,
quest_eliminatezombies25_name,Quest,Quest Info,,,,"25 Infected Settlers",,,,,,,,,,,,,
quest_eliminatezombies25_subtitle,Quest,Quest Info,,,,"25 Infected Settlers",,,,,,,,,,,,,
quest_eliminatezombies25_description,Quest,Quest Info,,,,"Accept this bounty quest to 'cure' the infected settlers. There are multiple stages which continuosly loop. Cure 25, 50, 75, 100, and 250 for a total of 500 for incremental XP and 3 Skill. Start all over again.",,,,,,,,,,,,,
quest_eliminatezombies50_offer,Quest,Quest Info,,,"Accept this bounty quest to 'cure' the infected settlers. There are multiple stages which continuosly loop. Cure 25, 50, 75, 100, and 250 for a total of 500 for incremental XP and 3 Skill. Start all over again.",,,,,,,,,,,,,
quest_eliminatezombies50_name,Quest,Quest Info,,,,"50 Infected Settlers",,,,,,,,,,,,,
quest_eliminatezombies50_subtitle,Quest,Quest Info,,,,"50 Infected Settlers",,,,,,,,,,,,,
quest_eliminatezombies50_description,Quest,Quest Info,,,,"Accept this bounty quest to 'cure' the infected settlers. There are multiple stages which continuosly loop. Cure 25, 50, 75, 100, and 250 for a total of 500 for incremental XP and 3 Skill. Start all over again.",,,,,,,,,,,,,
quest_eliminatezombies75_offer,Quest,Quest Info,,,,"Accept this bounty quest to 'cure' the infected settlers. There are multiple stages which continuosly loop. Cure 25, 50, 75, 100, and 250 for a total of 500 for incremental XP and 3 Skill. Start all over again.",,,,,,,,,,,,,
quest_eliminatezombies75_name,Quest,Quest Info,,,,"75 Infected Settlers",,,,,,,,,,,,,
quest_eliminatezombies75_subtitle,Quest,Quest Info,,,,"75 Infected Settlers",,,,,,,,,,,,,
quest_eliminatezombies75_description,Quest,Quest Info,,,,"Accept this bounty quest to 'cure' the infected settlers. There are multiple stages which continuosly loop. Cure 25, 50, 75, 100, and 250 for a total of 500 for incremental XP and 3 Skill. Start all over again.",,,,,,,,,,,,,
quest_eliminatezombies100_offer,Quest,Quest Info,,,,"Accept this bounty quest to 'cure' the infected settlers. There are multiple stages which continuosly loop. Cure 25, 50, 75, 100, and 250 for a total of 500 for incremental XP and 3 Skill. Start all over again.",,,,,,,,,,,,,
quest_eliminatezombies100_name,Quest,Quest Info,,,,"100 Infected Settlers",,,,,,,,,,,,,
quest_eliminatezombies100_subtitle,Quest,Quest Info,,,,"100 Infected Settlers",,,,,,,,,,,,,
quest_eliminatezombies100_description,Quest,Quest Info,,,,"Accept this bounty quest to 'cure' the infected settlers. There are multiple stages which continuosly loop. Cure 25, 50, 75, 100, and 250 for a total of 500 for incremental XP and 3 Skill. Start all over again.",,,,,,,,,,,,,
quest_eliminatezombies250_offer,Quest,Quest Info,,,,"Accept this bounty quest to 'cure' the infected settlers. There are multiple stages which continuosly loop. Cure 25, 50, 75, 100, and 250 for a total of 500 for incremental XP and 3 Skill. Start all over again.",,,,,,,,,,,,,
quest_eliminatezombies250_name,Quest,Quest Info,,,,"250 Infected Settlers",,,,,,,,,,,,,
quest_eliminatezombies250_subtitle,Quest,Quest Info,,,,"250 Infected Settlers",,,,,,,,,,,,,
quest_eliminatezombies250_description,Quest,Quest Info,,,,"Accept this bounty quest to 'cure' the infected settlers. There are multiple stages which continuosly loop. Cure 25, 50, 75, 100, and 250 for a total of 500 for incremental XP and 3 Skill. Start all over again.",,,,,,,,,,,,,

qc_eliminateanimals,items,Quest - Challenge,,,,"Hunter Achievement Quest",,,,,,,,,,,,,
qc_eliminateanimalsDesc,items,Quest - Challenge,,,,"Read this Quest Note, and accept the challenge to find and hunt animals over multiple stages. Earn XP, and 3 Skill Points upon completion.\n\nThis Quest repeats in an endless loop.",,,,,,,,,,,,,
quest_eliminateanimals01_offer,Quest,Quest Info,,,,"Accept this quest to hunt a variety of animals through multiple smaller stages. You will receive XP for completing each stage, and 3 Skill for the final stage. This Quest repeats in an endless loop.",,,,,,,,,,,,,
quest_eliminateanimals01_name,Quest,Quest Info,,,,"Taste for Blood",,,,,,,,,,,,,
quest_eliminateanimals01_subtitle,Quest,Quest Info,,,,"Hunter Achievement Quest",,,,,,,,,,,,,
quest_eliminateanimals01_description,Quest,Quest Info,,,,"Track down a Rabbit, Feral Chicken, Coyote, and Boar.",,,,,,,,,,,,,
quest_eliminateanimals02_offer,Quest,Quest Info,,,,"Accept this quest to hunt a variety of animals through multiple smaller stages. You will receive XP for completing each stage, and 3 Skill for the final stage. This Quest repeats in an endless loop.",,,,,,,,,,,,,
quest_eliminateanimals02_name,Quest,Quest Info,,,,"Thrill of the Kill",,,,,,,,,,,,,
quest_eliminateanimals02_subtitle,Quest,Quest Info,,,,"Hunter Achievement Quest",,,,,,,,,,,,,
quest_eliminateanimals02_description,Quest,Quest Info,,,,"Track down a Wolf, Doe, Bear, and Mountain Lion.",,,,,,,,,,,,,
quest_eliminateanimals03_offer,Quest,Quest Info,,,,"Accept this quest to hunt a variety of animals through multiple smaller stages. You will receive XP for completing each stage, and 3 Skill for the final stage. This Quest repeats in an endless loop.",,,,,,,,,,,,,
quest_eliminateanimals03_name,Quest,Quest Info,,,,"Admirable Trapper",,,,,,,,,,,,,
quest_eliminateanimals03_subtitle,Quest,Quest Info,,,,"Hunter Achievement Quest",,,,,,,,,,,,,
quest_eliminateanimals03_description,Quest,Quest Info,,,,"Track down a Snow Bear, Snow Hare, Desert Hare, and Stag.",,,,,,,,,,,,,
quest_eliminateanimals04_offer,Quest,Quest Info,,,,"Accept this quest to hunt a variety of animals through multiple smaller stages. You will receive XP for completing each stage, and 3 Skill for the final stage. This Quest repeats in an endless loop.",,,,,,,,,,,,,
quest_eliminateanimals04_name,Quest,Quest Info,,,,"Legendary Hunter",,,,,,,,,,,,,
quest_eliminateanimals04_subtitle,Quest,Quest Info,,,,"Hunter Achievement Quest",,,,,,,,,,,,,
quest_eliminateanimals04_description,Quest,Quest Info,,,,"Track down a Zombie Bear, Wasteland Zombie Crater Bear, Dire Wolf, and Wasteland Grace.",,,,,,,,,,,,,

qc_eliminatecrispyfamily,items,Quest - Challenge,,,,"Contract: Eliminate Crispy",,,,,,,,,,,,,
qc_eliminatecrispyfamilyDesc,items,Quest - Challenge,,,,"A contract issued by the Wild West New Frontier Settlement. Accept this bounty quest to eliminate 200 Crispy Family members and their Mutant Rat friends. 2 Skill and 10,000 XP for your troubles. This bounty quest continually loops, since their presence can be maintained, but never eradicated. Only accept if you can commit to this never ending challenge.",,,,,,,,,,,,,
challenge_eliminatecrispyfamily_offer,Quest,Quest Info,,,,"Accept this bounty quest to eliminate 200 Crispy Family members and their Mutant Rat friends. 2 Skill and 10,000 XP for your troubles. This bounty quest continually loops, since their presence can be maintained, but never eradicated.",,,,,,,,,,,,,
challenge_eliminatecrispyfamily_name,Quest,Quest Info,,,,"Crispy Family and Friends",,,,,,,,,,,,,
challenge_eliminatecrispyfamily_subtitle,Quest,Quest Info,,,,"Crispy Family and Friends",,,,,,,,,,,,,
challenge_eliminatecrispyfamily_description,Quest,Quest Info,,,,"Accept this bounty quest to eliminate 200 Crispy Family members and their Mutant Rat friends. 2 Skill and 10,000 XP for your troubles. This bounty quest continually loops, since their presence can be maintained, but never eradicated.",,,,,,,,,,,,,

qc_eliminateferalgunslingerwight,items,Quest - Challenge,,,,"WANTED - Feral Gunslinger Wight",,,,,,,,,,,,,
qc_eliminateferalgunslingerwightDesc,items,Quest - Challenge,,,,"Accept this wanted bounty challenge. Track down and eliminate Feral Gunslinger Wight in the Burnt Forest with a 666 Revolver. Earn XP and 1 Skill Point upon completion.",,,,,,,,,,,,,
quest_eliminateferalgunslingerwight_offer,Quest,Quest Info,,,,"Accept this wanted bounty challenge. Track down and eliminate Feral Gunslinger Wight in the Burnt Forest with a 666 Revolver. Earn XP and 1 Skill Point upon completion.",,,,,,,,,,,,,
quest_eliminateferalgunslingerwight_name,Quest,Quest Info,,,,"Feral Gunslinger Wight",,,,,,,,,,,,,
quest_eliminateferalgunslingerwight_subtitle,Quest,Quest Info,,,,"Feral Gunslinger Wight",,,,,,,,,,,,,
quest_eliminateferalgunslingerwight_description,Quest,Quest Info,,,,"Accept this wanted bounty challenge. Track down and eliminate Feral Gunslinger Wight in the Burnt Forest with a 666 Revolver. Earn XP and 1 Skill Point upon completion.",,,,,,,,,,,,,

qc_eliminateradiatedgunslingerwight,items,Quest - Challenge,,,,"WANTED - Radiated Gunslinger Wight",,,,,,,,,,,,,
qc_eliminateradiatedgunslingerwightDesc,items,Quest - Challenge,,,,"Accept this wanted bounty challenge. Track down and eliminate 2 Radiated Gunslinger Wights in the Desert with a Raven Revolver. Earn XP and 2 Skill Points upon completion.",,,,,,,,,,,,,
quest_eliminateradiatedgunslingerwight_offer,Quest,Quest Info,,,,"Accept this wanted bounty challenge. Track down and eliminate 2 Radiated Gunslinger Wights in the Desert with a Raven Revolver. Earn XP and 2 Skill Points upon completion.",,,,,,,,,,,,,
quest_eliminateradiatedgunslingerwight_name,Quest,Quest Info,,,,"Radiated Gunslinger Wight",,,,,,,,,,,,,
quest_eliminateradiatedgunslingerwight_subtitle,Quest,Quest Info,,,,"Radiated Gunslinger Wight",,,,,,,,,,,,,
quest_eliminateradiatedgunslingerwight_description,Quest,Quest Info,,,,"Accept this wanted bounty challenge. Track down and eliminate 2 Radiated Gunslinger Wights in the Desert with a Raven Revolver. Earn XP and 2 Skill Points upon completion.",,,,,,,,,,,,,

qc_eliminatechargedgunslingerwight,items,Quest - Challenge,,,,"WANTED - Charged Gunslinger Wight",,,,,,,,,,,,,
qc_eliminatechargedgunslingerwightDesc,items,Quest - Challenge,,,,"Accept this wanted bounty challenge. Track down and eliminate 3 Charged Gunslinger Wights in the Snow with a Schofield Revolver. Earn XP and 3 Skill Points upon completion.",,,,,,,,,,,,,
quest_eliminatechargedgunslingerwight_offer,Quest,Quest Info,,,,"Accept this wanted bounty challenge. Track down and eliminate 3 Charged Gunslinger Wights in the Snow with a Schofield Revolver. Earn XP and 3 Skill Points upon completion.",,,,,,,,,,,,,
quest_eliminatechargedgunslingerwight_name,Quest,Quest Info,,,,"Charged Gunslinger Wight",,,,,,,,,,,,,
quest_eliminatechargedgunslingerwight_subtitle,Quest,Quest Info,,,,"Charged Gunslinger Wight",,,,,,,,,,,,,
quest_eliminatechargedgunslingerwight_description,Quest,Quest Info,,,,"Accept this wanted bounty challenge. Track down and eliminate 3 Charged Gunslinger Wights in the Snow with a Schofield Revolver. Earn XP and 3 Skill Points upon completion.",,,,,,,,,,,,,

qc_eliminateinfernalgunslingerwight,items,Quest - Challenge,,,,"WANTED - Infernal Gunslinger Wight",,,,,,,,,,,,,
qc_eliminateinfernalgunslingerwightDesc,items,Quest - Challenge,,,,"Accept this wanted bounty challenge. Track down and eliminate 4 Infernal Gunslinger Wights in the Wasteland with a Gatling Prototype. Earn XP and 4 Skill Points upon completion.",,,,,,,,,,,,,
quest_eliminateinfernalgunslingerwight_offer,Quest,Quest Info,,,,"Accept this wanted bounty challenge. Track down and eliminate 4 Infernal Gunslinger Wights in the Wasteland with a Gatling Prototype. Earn XP and 4 Skill Points upon completion.",,,,,,,,,,,,,
quest_eliminateinfernalgunslingerwight_name,Quest,Quest Info,,,,"Infernal Gunslinger Wight",,,,,,,,,,,,,
quest_eliminateinfernalgunslingerwight_subtitle,Quest,Quest Info,,,,"Infernal Gunslinger Wight",,,,,,,,,,,,,
quest_eliminateinfernalgunslingerwight_description,Quest,Quest Info,,,,"Accept this wanted bounty challenge. Track down and eliminate 4 Infernal Gunslinger Wights in the Wasteland with a Gatling Prototype. Earn XP and 4 Skill Points upon completion.",,,,,,,,,,,,,

qc_eliminatetoysoldiers,items,item,,,,Contract: Eliminate Toy Soldiers,,,,,,,,,,,,,
qc_eliminatetoysoldiersDesc,items,item,,,,"A contract issued by the Wild West Settlement. Seek out and eliminate 250 Military types such as Soldiers, Mutated, and Armored entities. 2 Skill and 10,000 XP for your troubles. They can be found everywhere, but have been spotted in abundance at a run down Fort. They seem to be replaced almost as quickly as they can be eliminated. Only accept if you can commit to this never ending challenge.",,,,,,,,,,,,,
quest_eliminatetoysoldiers_offer,Quest,Quest Info,,,,"Accept this bounty quest to eliminate 250 Military types such as Soldiers, Mutated, and Armored entities. 2 Skill and 10,000 XP for your troubles. This bounty quest continually loops, since their presence can be maintained, but never eradicated.",,,,,,,,,,,,,
quest_eliminatetoysoldiers_name,Quest,Quest Info,,,,"Toy Soldiers",,,,,,,,,,,,,
quest_eliminatetoysoldiers_subtitle,Quest,Quest Info,,,,"Toy Soldiers",,,,,,,,,,,,,
quest_eliminatetoysoldiers_description,Quest,Quest Info,,,,"Accept this bounty quest to eliminate 250 Military types such as Soldiers, Mutated, and Armored entities. 2 Skill and 10,000 XP for your troubles. This bounty quest continually loops, since their presence can be maintained, but never eradicated.",,,,,,,,,,,,,

loadingTipWildWestTomahawk,UI,Loading Screen,x,,,"The Tomahawk is a multi purpose tool, and can be used as a weapon when needed. It can upgrade, repair, butcher, mine, and attack.",,,,,,,,,,,,,
loadingTipWildWestTomahawk_title,UI,Loading Screen,x,,,Tomahawk,,,,,,,,,,,,,
loadingTipWildWestHordeNight,UI,Loading Screen,x,,,"Wild West blood moon horde nights can be managed with Traps, Spitters, Turrets, and the Gatlings, among other defenses. Beware of unique waves of incoming hordes.",,,,,,,,,,,,,
loadingTipWildWestHordeNight_title,UI,Loading Screen,x,,,Wild West Blood Moon,,,,,,,,,,,,,
loadingTipWildWestHardPOIs,UI,Loading Screen,x,,,"Some of the higher tier custom POIs can be quite challenging. Consider making a small base to retreat to should the battle get too intense.",,,,,,,,,,,,,
loadingTipWildWestHardPOIs_title,UI,Loading Screen,x,,,High Tier Wild West POIs,,,,,,,,,,,,,
loadingTipWildWestWrenching,UI,Loading Screen,x,,,"Wrenching wagons and wagon wheels, wooden barrels, and workstations will supplement looting and mining.",,,,,,,,,,,,,
loadingTipWildWestWrenching_title,UI,Loading Screen,x,,,Wild West Wrenching,,,,,,,,,,,,,
loadingTipWildWestScopes,UI,Loading Screen,x,,,"Revolvers accept the small scope, and Lever Action Rifles can use the whole range to assist with targetting.",,,,,,,,,,,,,
loadingTipWildWestScopes_title,UI,Loading Screen,x,,,Revolvers and Lever Action Rifles,,,,,,,,,,,,,
loadingTipWildWestWeather,UI,Loading Screen,x,,,"Wild West weather conditions can change quickly. Use Wild West Mods and Recipe items to protect yourself.",,,,,,,,,,,,,
loadingTipWildWestWeather_title,UI,Loading Screen,x,,,Weather,,,,,,,,,,,,,
loadingTipWildWestHUD,UI,Loading Screen,x,,,"The Wild West Mod custom HUD changes the design and placement of player stats, to provide a clear and supportive interface.",,,,,,,,,,,,,
loadingTipWildWestHUD_title,UI,Loading Screen,x,,,Wild West HUD,,,,,,,,,,,,,
loadingTipWildWestHivesCoops,UI,Loading Screen,x,,,"Players can craft Bee Hives and Chicken Coops to support the homestead. A Queen Bee can be harvested from bee logs in the Pine Forest and Desert, and Chicks can be found in nests and trees.",,,,,,,,,,,,,
loadingTipWildWestHivesCoops_title,UI,Loading Screen,x,,,Bee Hives and Chicken Coops,,,,,,,,,,,,,
loadingTipWildWestLights,UI,Loading Screen,x,,,"If you fully break Wild West Pianos, Lights, Hives, Coops, and Stoves, they will be added to your inventory. They remain functional and can be placed again for use. However, your Chicks and Queen Bees will escape.",,,,,,,,,,,,,
loadingTipWildWestLights_title,UI,Loading Screen,x,,,Wild West Lights,,,,,,,,,,,,,
loadingTipWildWestWaterPOIs,UI,Loading Screen,x,,,"The developers cannot be held responsible for any deaths caused by venturing under POIs located on water. Such actions are solely at your own risk.",,,,,,,,,,,,,
loadingTipWildWestWaterPOIs_title,UI,Loading Screen,x,,,POIs on Water,,,,,,,,,,,,,

TwitchAction_SpawnGroupTerritorialBisons,twitch,Actions,,,,Group of Territorial Bison,,,,,,,,,,,
TwitchAction_SpawnGroupTerritorialBisonsCommand,twitch,Actions,,,,#group_bison,,,,,,,,,,,,
TwitchAction_SpawnGroupTerritorialBisonsDesc,twitch,Actions,,,,Spawns a group of Territorial Bison.,,,,,,,,,,,,,
TwitchAction_SpawnGroupCrispies,twitch,Actions,,,,Group of Crispies,,,,,,,,,,,
TwitchAction_SpawnGroupCrispiesCommand,twitch,Actions,,,,#group_crispies,,,,,,,,,,,,
TwitchAction_SpawnGroupCrispiesDesc,twitch,Actions,,,,Spawns a group of Crispies.,,,,,,,,,,,,,
TwitchAction_SpawnGroupScreamerPets,twitch,Actions,,,,Group of Screamer Pets,,,,,,,,,,,
TwitchAction_SpawnGroupScreamerPetsCommand,twitch,Actions,,,,#group_screamerpets,,,,,,,,,,,,
TwitchAction_SpawnGroupScreamerPetsDesc,twitch,Actions,,,,Spawns a group of Screamer Pets.,,,,,,,,,,,,,

jetBootsAdmin,items,Item,,,,Jet Boots (Admin),,,,,,,,,,,,,